,QUẬN HUYỆN,GIÁ - TRIỆU ĐỒNG,DIỆN TÍCH - M2,HƯỚNG,SỐ PHÒNG,SỐ TOILETS,GIẤY TỜ PHÁP LÝ
0,Quận 9,2650.0,69.0,Không,2.0,2.0,Đã có sổ
1,Quận Tân Bình,3970.0,74.1,Không,2.0,2.0,Đang chờ sổ
2,Quận 9,678.0,46.5,Tây,1.0,1.0,Đang chờ sổ
3,Quận Tân Phú,2870.0,65.0,Không,2.0,2.0,Không
4,Quận 9,3000.0,70.0,Đông Bắc,2.0,2.0,Đã có sổ
5,Quận 7,3200.0,70.0,Không,2.0,1.0,Đang chờ sổ
6,Quận 2,3800.0,56.6,Không,2.0,2.0,Không
7,Quận 11,1570.0,20.0,Đông Bắc,1.0,1.0,Đã có sổ
8,Quận Thủ Đức,3500.0,89.0,Không,2.0,2.0,Không
9,Huyện Bình Chánh,1500.0,55.0,Nam,2.0,2.0,Giấy tờ khác
10,Quận Bình Tân,1750.0,65.0,Không,2.0,2.0,Đã có sổ
11,Quận Bình Tân,1620.0,66.0,Tây Bắc,2.0,1.0,Đã có sổ
12,Quận 9,1640.0,50.0,Bắc,2.0,1.0,Đã có sổ
13,Quận Tân Phú,1500.0,60.0,Nam,2.0,1.0,Đang chờ sổ
14,Quận 12,1920.0,70.0,Không,2.0,2.0,Đang chờ sổ
15,Quận 9,2586.0,68.0,Không,2.0,2.0,Không
16,Quận 7,3950.0,77.0,Không,2.0,2.0,Đã có sổ
17,Quận Tân Phú,4700.0,104.5,Không,3.0,2.0,Đang chờ sổ
18,Quận 7,2360.0,57.0,Không,2.0,1.0,Đang chờ sổ
19,Quận 9,910.0,31.0,Không,1.0,1.0,Đang chờ sổ
20,Quận 9,1400.0,59.0,Tây Nam,2.0,1.0,Không
21,Quận 9,1293.0,47.0,Không,2.0,1.0,Đã có sổ
22,Quận Tân Phú,3200.0,88.0,Bắc,3.0,2.0,Đang chờ sổ
23,Quận Bình Tân,2250.0,83.0,Bắc,3.0,2.0,Đang chờ sổ
24,Quận 9,1256.0,59.0,Tây,2.0,1.0,Đang chờ sổ
25,Quận 7,4000.0,76.0,Không,2.0,2.0,Đang chờ sổ
26,Quận Tân Phú,4450.0,92.5,Đông Nam,2.0,2.0,Không
27,Quận 5,2250.0,120.0,Không,3.0,2.0,Đã có sổ
28,Quận Tân Phú,4700.0,104.0,Không,3.0,2.0,Không
29,Quận 7,1390.0,60.0,Không,1.0,1.0,Đã có sổ
30,Quận 8,2001.0,80.43,Không,3.0,2.0,Đang chờ sổ
31,Quận 2,5500.0,66.8,Không,2.0,2.0,Giấy tờ khác
32,Quận 12,2360.0,57.0,Không,2.0,1.0,Đang chờ sổ
33,Quận 9,2850.0,72.17,Không,2.0,2.0,Đã có sổ
34,Quận Tân Phú,4330.0,84.0,Không,2.0,2.0,Không
35,Quận 2,5730.0,91.0,Không,3.0,2.0,Đã có sổ
36,Quận 2,4700.0,77.0,Tây Bắc,2.0,2.0,Đã có sổ
37,Huyện Bình Chánh,1750.0,54.0,Không,1.0,1.0,Đang chờ sổ
38,Quận 7,5000.0,130.0,Không,3.0,2.0,Đã có sổ
39,Quận 9,2100.0,90.0,Không,3.0,2.0,Giấy tờ khác
40,Quận 7,2360.0,66.66,Đông Nam,2.0,2.0,Đang chờ sổ
41,Quận Phú Nhuận,4000.0,75.0,Không,2.0,2.0,Không
42,Quận Thủ Đức,1900.0,57.0,Không,2.0,2.0,Đã có sổ
43,Quận 7,2350.0,62.0,Không,2.0,2.0,Đang chờ sổ
44,Quận 2,1800.0,101.0,Đông Nam,3.0,2.0,Giấy tờ khác
45,Quận Thủ Đức,1200.0,57.0,Không,2.0,2.0,Không
46,Quận Bình Tân,1600.0,63.0,Tây Bắc,2.0,2.0,Đang chờ sổ
47,Quận 9,1525.0,47.0,Tây Bắc,1.0,1.0,Không
48,Huyện Nhà Bè,3250.0,75.0,Bắc,2.0,2.0,Không
49,Quận 6,1500.0,15.0,Nam,1.0,1.0,Giấy tờ khác
50,Huyện Bình Chánh,2100.0,69.0,Đông Nam,2.0,2.0,Đang chờ sổ
51,Quận Tân Phú,2550.0,63.0,Không,2.0,1.0,Đang chờ sổ
52,Quận Tân Phú,2450.0,63.0,Không,2.0,1.0,Không
53,Quận 2,4700.0,71.0,Không,2.0,2.0,Đã có sổ
54,Quận 9,2400.0,72.0,Đông Bắc,2.0,2.0,Đang chờ sổ
55,Quận Tân Phú,2740.0,78.0,Không,2.0,2.0,Không
56,Quận Thủ Đức,2450.0,87.0,Đông Bắc,2.0,2.0,Đã có sổ
57,Quận 8,1373.1564,64.68,Không,2.0,2.0,Đang chờ sổ
58,Quận Thủ Đức,1980.0,60.0,Đông Nam,2.0,2.0,Đang chờ sổ
59,Quận 2,6900.0,106.0,Không,3.0,3.0,Đang chờ sổ
60,Quận 9,1200.0,64.0,Đông,2.0,2.0,Không
61,Quận 8,2800.0,68.0,Không,2.0,2.0,Đã có sổ
62,Quận 7,3500.0,65.0,Không,2.0,2.0,Không
63,Quận Bình Tân,1800.0,56.0,Đông,2.0,1.0,Đang chờ sổ
64,Quận Bình Thạnh,1100.0,50.0,Không,2.0,1.0,Giấy tờ khác
65,Quận 8,1800.0,77.0,Đông,2.0,1.0,Đã có sổ
66,Quận 8,2300.0,72.0,Không,2.0,2.0,Không
67,Quận Thủ Đức,1800.0,61.0,Nam,2.0,2.0,Đang chờ sổ
68,Quận Bình Tân,2250.0,57.0,Bắc,2.0,1.0,Giấy tờ khác
69,Quận Bình Tân,2650.0,75.13,Bắc,2.0,2.0,Giấy tờ khác
70,Huyện Nhà Bè,1800.0,93.0,Không,3.0,2.0,Đang chờ sổ
71,Quận 6,3150.0,76.0,Không,2.0,2.0,Không
72,Quận 10,2300.0,42.0,Không,1.0,1.0,Giấy tờ khác
73,Quận 2,6800.0,100.0,Không,3.0,2.0,Đã có sổ
74,Quận 9,2400.0,60.0,Đông Nam,2.0,1.0,Giấy tờ khác
75,Huyện Nhà Bè,2900.0,70.0,Không,2.0,2.0,Đang chờ sổ
76,Quận Tân Phú,3300.0,71.0,Không,2.0,2.0,Không
77,Quận 6,3300.0,86.0,Không,2.0,2.0,Đã có sổ
78,Quận 8,2600.0,69.0,Không,2.0,2.0,Không
79,Quận Gò Vấp,170.0,120.0,Không,8.0,5.0,Đã có sổ
80,Quận Tân Phú,3700.08008,102.0,Đông,3.0,2.0,Đã có sổ
81,Quận 2,1750.0,32.0,Không,1.0,1.0,Đang chờ sổ
82,Quận 4,3150.0,90.0,Không,2.0,2.0,Đã có sổ
83,Quận Bình Thạnh,3950.0,68.0,Đông Bắc,2.0,2.0,Đang chờ sổ
84,Quận 7,6000.0,83.34,Không,2.0,2.0,Đã có sổ
85,Quận 1,18500.0,121.0,Tây Nam,3.0,2.0,Đang chờ sổ
86,Quận 9,2780.0,75.0,Không,3.0,2.0,Đã có sổ
87,Huyện Nhà Bè,3100.0,75.0,Không,2.0,2.0,Không
88,Quận 12,2470.0,57.0,Bắc,2.0,1.0,Đã có sổ
89,Quận 8,1850.0,60.0,Đông,2.0,2.0,Đang chờ sổ
90,Quận 4,3450.0,80.0,Không,2.0,2.0,Đã có sổ
91,Quận Tân Bình,1062.0,37.0,Đông,2.0,1.0,Đã có sổ
92,Quận 4,6000.0,117.0,Tây Nam,3.0,2.0,Đang chờ sổ
93,Quận 7,2950.0,59.0,Không,1.0,1.0,Đã có sổ
94,Quận 10,3650.0,90.0,Không,1.0,1.0,Giấy tờ khác
95,Quận 12,2400.0,70.0,Đông,2.0,2.0,Đang chờ sổ
96,Quận 9,580.0,59.0,Đông Nam,2.0,1.0,Đã có sổ
97,Quận 7,2620.0,68.86,Đông,2.0,2.0,Đã có sổ
98,Quận Tân Phú,2680.0,77.2,Không,2.0,2.0,Đang chờ sổ
99,Quận 7,5250.0,99.0,Không,3.0,2.0,Không
100,Quận 3,1500.0,35.0,Không,1.0,1.0,Giấy tờ khác
101,Quận 9,1962.0,59.0,Tây Nam,2.0,2.0,Đang chờ sổ
102,Huyện Nhà Bè,1900.0,62.0,Không,2.0,1.0,Đã có sổ
103,Quận 8,2400.0,68.0,Không,2.0,2.0,Không
104,Quận 2,1850.0,60.0,Đông Nam,2.0,2.0,Giấy tờ khác
105,Quận 8,1500.0,35.0,Không,1.0,1.0,Đang chờ sổ
106,Quận Tân Phú,1500.0,47.1,Tây,1.0,1.0,Đang chờ sổ
107,Quận 2,2250.0,67.0,Đông Nam,2.0,2.0,Giấy tờ khác
108,Quận Bình Tân,2200.0,60.0,Không,2.0,2.0,Đã có sổ
109,Quận 4,3100.0,40.0,Không,1.0,1.0,Đang chờ sổ
110,Quận 12,2500.0,65.0,Tây,2.0,2.0,Đã có sổ
111,Quận 4,6200.0,95.0,Đông Bắc,3.0,2.0,Đang chờ sổ
112,Quận 4,7200.0,115.0,Không,3.0,2.0,Đang chờ sổ
113,Quận 4,7200.0,115.0,Đông Bắc,3.0,2.0,Đang chờ sổ
114,Quận 4,5000.0,74.0,Đông Bắc,2.0,2.0,Đang chờ sổ
115,Quận 4,6900.0,115.0,Đông Bắc,3.0,2.0,Đang chờ sổ
116,Quận 4,5000.0,75.0,Không,2.0,2.0,Đang chờ sổ
117,Quận 4,5100.0,80.0,Không,2.0,1.0,Giấy tờ khác
118,Quận 7,2000.0,63.0,Không,2.0,1.0,Đang chờ sổ
119,Quận Thủ Đức,2600.0,68.0,Không,2.0,2.0,Không
120,Quận 7,1600.0,45.0,Không,1.0,1.0,Đã có sổ
121,Quận 7,4900.0,105.0,Không,3.0,2.0,Không
122,Quận Tân Phú,3630.0,92.0,Không,3.0,2.0,Không
123,Quận Tân Phú,4400.0,84.0,Tây Nam,2.0,2.0,Đang chờ sổ
124,Quận Bình Thạnh,3300.0,70.0,Tây Nam,2.0,2.0,Đã có sổ
125,Quận Thủ Đức,1200.0,37.0,Tây Nam,1.0,1.0,Đã có sổ
126,Quận Bình Tân,2780.0,75.0,Không,2.0,2.0,Đang chờ sổ
127,Quận Tân Phú,2450.0,73.0,Tây Bắc,2.0,1.0,Đã có sổ
128,Quận Thủ Đức,1150.0,39.0,Đông Nam,1.0,1.0,Đã có sổ
129,Quận Thủ Đức,1570.0,52.0,Đông Nam,2.0,2.0,Đã có sổ
130,Quận 2,3850.0,153.0,Không,4.0,3.0,Đã có sổ
131,Quận Thủ Đức,1100.0,39.0,Nam,1.0,1.0,Đã có sổ
132,Quận Phú Nhuận,4950.0,71.0,Đông Bắc,2.0,2.0,Đã có sổ
133,Huyện Nhà Bè,4400.0,236.0,Không,6.0,4.0,Đã có sổ
134,Huyện Bình Chánh,1380.0,50.0,Không,2.0,2.0,Giấy tờ khác
135,Quận Thủ Đức,3300.0,71.84,Không,2.0,2.0,Đang chờ sổ
136,Quận Tân Bình,6666.666,129.0,Nam,3.0,2.0,Đã có sổ
137,Quận 9,2800.0,45.6,Không,1.0,1.0,Đang chờ sổ
138,Quận 7,2500.0,66.0,Không,2.0,2.0,Đã có sổ
139,Huyện Nhà Bè,3300.0,72.0,Không,2.0,2.0,Không
140,Quận 7,2300.0,161.0,Không,3.0,4.0,Không
141,Quận 9,2200.0,70.0,Đông,2.0,2.0,Đang chờ sổ
142,Quận 2,3750.0,75.0,Không,2.0,2.0,Không
143,Quận 12,1550.0,68.0,Không,2.0,2.0,Đang chờ sổ
144,Quận Tân Phú,1900.0,55.0,Không,2.0,1.0,Đang chờ sổ
145,Quận 1,18000.0,118.0,Không,3.0,2.0,Không
146,Quận 1,9500.0,78.0,Không,2.0,2.0,Đang chờ sổ
147,Quận Tân Phú,3300.0,71.0,Không,2.0,2.0,Không
148,Quận 7,2100.0,62.0,Không,2.0,2.0,Đang chờ sổ
149,Quận 9,1900.0,59.0,Không,2.0,1.0,Đang chờ sổ
150,Quận Tân Phú,4000.0,84.0,Không,2.0,2.0,Không
151,Quận 8,2900.0,66.0,Không,2.0,1.0,Đang chờ sổ
152,Quận 8,1100.0,46.0,Không,1.0,1.0,Đã có sổ
153,Quận 9,1300.0,30.0,Không,1.0,1.0,Đã có sổ
154,Quận Tân Bình,861.0,30.0,Không,1.0,1.0,Không
155,Quận Thủ Đức,1100.0,61.0,Không,2.0,2.0,Đang chờ sổ
156,Quận Bình Thạnh,4200.0,80.0,Không,2.0,2.0,Giấy tờ khác
157,Quận 9,2900.0,90.0,Không,3.0,2.0,Không
158,Quận 9,2250.0,59.0,Không,2.0,1.0,Đang chờ sổ
159,Quận 8,1500.0,56.0,Không,2.0,2.0,Đã có sổ
160,Huyện Nhà Bè,2100.0,99.0,Đông Nam,2.0,2.0,Đã có sổ
161,Quận Bình Tân,2500.0,75.0,Không,2.0,2.0,Không
162,Quận 6,1930.0,64.6,Đông Nam,2.0,1.0,Không
163,Quận 2,1950.0,45.0,Đông Nam,1.0,1.0,Đang chờ sổ
164,Huyện Nhà Bè,1750.0,75.0,Không,2.0,2.0,Đã có sổ
165,Quận 9,1300.0,30.0,Không,1.0,1.0,Đang chờ sổ
166,Quận 7,2100.0,54.0,Đông Nam,1.0,1.0,Đã có sổ
167,Quận Phú Nhuận,5900.0,85.0,Không,3.0,2.0,Không
168,Quận 8,1400.0,56.0,Không,2.0,2.0,Đang chờ sổ
169,Quận 12,930.0,87.0,Bắc,3.0,2.0,Đang chờ sổ
170,Quận 9,400.0,47.0,Không,1.0,1.0,Đã có sổ
171,Quận 8,2850.0,88.0,Không,2.0,2.0,Đã có sổ
172,Quận 8,2130.0,73.0,Không,2.0,2.0,Đang chờ sổ
173,Quận 8,2540.0,78.0,Không,2.0,2.0,Đang chờ sổ
174,Quận 9,1920.0,59.0,Tây,2.0,1.0,Đã có sổ
175,Quận 8,2030.0,62.0,Tây Bắc,2.0,2.0,Đang chờ sổ
176,Quận 2,2295.0,60.0,Đông Nam,2.0,2.0,Đang chờ sổ
177,Quận 9,1750.0,46.5,Tây Nam,2.0,1.0,Đang chờ sổ
178,Quận 9,3500.0,54.0,Không,1.0,1.0,Đang chờ sổ
179,Quận 12,1900.0,60.0,Không,2.0,2.0,Không
180,Quận 2,3500.0,56.0,Tây,2.0,2.0,Đang chờ sổ
181,Quận 10,3900.0,50.12,Không,1.0,1.0,Đang chờ sổ
182,Quận 8,1500.0,56.0,Không,2.0,2.0,Đã có sổ
183,Quận Phú Nhuận,5800.0,105.1,Không,3.0,2.0,Không
184,Quận 2,2150.0,62.0,Đông Bắc,2.0,2.0,Đã có sổ
185,Quận 9,1780.0,69.0,Không,2.0,2.0,Đang chờ sổ
186,Quận Phú Nhuận,6000.0,98.0,Không,3.0,2.0,Không
187,Quận 9,1590.0,47.0,Đông Nam,1.0,1.0,Đang chờ sổ
188,Quận 7,2100.0,66.0,Không,2.0,2.0,Không
189,Quận 2,2350.0,47.0,Không,1.0,1.0,Không
190,Quận 2,2350.0,47.0,Không,1.0,1.0,Không
191,Quận Tân Phú,3050.0,80.0,Không,3.0,2.0,Đang chờ sổ
192,Quận Phú Nhuận,4850.0,78.0,Không,2.0,2.0,Không
193,Quận 7,1650.0,32.4,Không,1.0,1.0,Giấy tờ khác
194,Quận 2,2400.0,51.0,Không,1.0,1.0,Không
195,Quận Tân Phú,3900.0,105.0,Tây,3.0,2.0,Đang chờ sổ
196,Quận Gò Vấp,5500.0,94.0,Tây Bắc,4.0,2.0,Đang chờ sổ
197,Quận 12,2600.0,78.0,Đông,2.0,2.0,Đã có sổ
198,Huyện Bình Chánh,1950.0,64.0,Không,2.0,2.0,Giấy tờ khác
199,Huyện Bình Chánh,2270.0,56.0,Đông,2.0,1.0,Đã có sổ
200,Quận Tân Phú,2500.0,65.0,Đông,2.0,1.0,Đang chờ sổ
201,Quận 10,5200.0,73.0,Không,2.0,2.0,Đang chờ sổ
202,Quận 2,3270.0,50.0,Không,1.0,1.0,Đã có sổ
203,Quận 2,3300.0,56.0,Không,1.0,1.0,Đang chờ sổ
204,Quận Bình Tân,1900.0,68.0,Không,2.0,2.0,Giấy tờ khác
205,Quận 9,2016.0,69.0,Đông Nam,2.0,2.0,Đang chờ sổ
206,Quận Bình Thạnh,2800.0,68.0,Tây Bắc,2.0,1.0,Giấy tờ khác
207,Quận 7,1790.0,38.0,Không,1.0,1.0,Không
208,Quận 8,2050.0,63.0,Tây Nam,2.0,2.0,Đang chờ sổ
209,Huyện Bình Chánh,1950.0,100.0,Đông,1.0,1.0,Đang chờ sổ
210,Quận 9,2100.0,65.7,Bắc,2.0,2.0,Không
211,Quận 9,1752.293,69.0,Không,3.0,2.0,Không
212,Quận 12,2600.0,50.0,Tây Nam,1.0,1.0,Đã có sổ
213,Quận 2,6200.0,120.8,Không,3.0,2.0,Đã có sổ
214,Quận 2,3900.0,75.0,Không,2.0,1.0,Không
215,Quận 12,2300.0,117.0,Không,3.0,2.0,Đã có sổ
216,Quận 9,3300.0,60.0,Không,2.0,2.0,Không
217,Quận 12,960.0,42.0,Không,2.0,1.0,Đang chờ sổ
218,Quận 9,2350.0,59.0,Không,2.0,1.0,Đang chờ sổ
219,Quận 7,2499.0,60.0,Không,2.0,1.0,Không
220,Quận 7,6200.0,134.0,Không,3.0,2.0,Đã có sổ
221,Huyện Nhà Bè,2300.0,101.0,Tây Nam,2.0,2.0,Đã có sổ
222,Quận 2,6000.0,60.0,Không,1.0,1.0,Đang chờ sổ
223,Quận Tân Phú,2350.0,64.0,Đông Nam,2.0,2.0,Đang chờ sổ
224,Quận 8,2100.0,52.0,Tây Bắc,2.0,1.0,Đang chờ sổ
225,Quận 7,2650.00008,71.0,Không,2.0,2.0,Đã có sổ
226,Quận 9,1999.999,60.0,Đông Bắc,2.0,1.0,Đang chờ sổ
227,Quận 8,2590.0,92.0,Đông Nam,3.0,2.0,Giấy tờ khác
228,Quận 9,3225.0,50.07,Tây Bắc,1.0,1.0,Giấy tờ khác
229,Quận 2,2900.0,55.0,Không,3.0,3.0,Đang chờ sổ
230,Quận 10,7000.0,87.0,Không,2.0,2.0,Không
231,Quận Tân Phú,2850.0,70.0,Không,2.0,2.0,Đã có sổ
232,Quận 8,1880.0,52.0,Nam,1.0,1.0,Giấy tờ khác
233,Quận Thủ Đức,2400.0,89.0,Đông,3.0,2.0,Không
234,Quận Bình Thạnh,4300.0,78.0,Tây Bắc,2.0,2.0,Không
235,Quận Tân Bình,3300.0,74.0,Không,2.0,2.0,Đã có sổ
236,Quận Thủ Đức,2900.0,65.0,Không,2.0,2.0,Đang chờ sổ
237,Quận 9,3710.0,115.0,Tây,3.0,3.0,Giấy tờ khác
238,Quận 10,6550.0,105.0,Không,3.0,3.0,Đang chờ sổ
239,Quận Tân Bình,2050.0,36.0,Không,1.0,1.0,Đang chờ sổ
240,Quận 8,1700.0,51.0,Tây,2.0,1.0,Không
241,Quận Tân Phú,3200.0,71.0,Đông Bắc,2.0,2.0,Đã có sổ
242,Quận 10,1450.0,35.0,Bắc,1.0,1.0,Giấy tờ khác
243,Quận Bình Thạnh,7688.0,89.0,Không,2.0,2.0,Đang chờ sổ
244,Quận 10,5000.0,72.0,Không,2.0,2.0,Đang chờ sổ
245,Quận 8,2600.0,78.0,Không,2.0,2.0,Đang chờ sổ
246,Quận 9,510.0,47.0,Không,1.0,1.0,Đang chờ sổ
247,Quận 7,3650.0,140.0,Bắc,4.0,2.0,Đã có sổ
248,Quận 9,850.0,31.0,Tây Bắc,1.0,1.0,Đang chờ sổ
249,Quận 6,2300.0,67.0,Không,2.0,1.0,Đã có sổ
250,Quận Tân Phú,2730.0,65.2,Không,2.0,2.0,Đang chờ sổ
251,Quận Tân Phú,1700.0,52.0,Không,2.0,1.0,Đã có sổ
252,Quận 7,1920.0,54.0,Không,1.0,1.0,Đã có sổ
253,Quận 7,2100.0,68.0,Bắc,2.0,2.0,Đã có sổ
254,Quận 8,2800.0,68.0,Đông Bắc,2.0,2.0,Đã có sổ
255,Quận 9,2435.0,69.0,Tây Nam,2.0,2.0,Đang chờ sổ
256,Quận Bình Thạnh,1271.0,59.1,Không,1.0,1.0,Không
257,Quận 8,2650.0,90.0,Không,3.0,2.0,Không
258,Quận 2,5400.0,101.0,Không,3.0,2.0,Giấy tờ khác
259,Quận 12,1600.0,58.0,Bắc,2.0,2.0,Đã có sổ
260,Quận 2,6250.0,93.0,Không,3.0,2.0,Đã có sổ
261,Quận Tân Phú,2750.0,65.3,Không,2.0,2.0,Đang chờ sổ
262,Quận 2,5974.0,101.0,Đông Nam,3.0,2.0,Đang chờ sổ
263,Quận 7,3900.0,106.0,Không,3.0,2.0,Đã có sổ
264,Quận 9,1270.0,31.0,Không,1.0,1.0,Đang chờ sổ
265,Quận 4,4500.0,65.0,Không,2.0,2.0,Không
266,Quận 6,2800.0,62.0,Bắc,1.0,1.0,Đang chờ sổ
267,Quận 2,3850.0,76.0,Không,2.0,2.0,Đang chờ sổ
268,Quận 7,2900.0,74.0,Không,2.0,2.0,Đang chờ sổ
269,Quận 9,3700.0,74.0,Không,2.0,2.0,Không
270,Quận 9,2650.0,68.0,Không,2.0,2.0,Giấy tờ khác
271,Quận 12,1940.0,57.0,Không,2.0,1.0,Đang chờ sổ
272,Quận 9,3187.0,81.5,Không,3.0,2.0,Không
273,Quận 9,1600.0,60.0,Không,2.0,2.0,Đang chờ sổ
274,Quận Thủ Đức,2500.0,69.0,Không,2.0,2.0,Không
275,Quận 10,4650.0,61.0,Không,2.0,1.0,Không
276,Quận 9,2350.0,67.0,Không,2.0,2.0,Không
277,Quận 7,4150.0,72.0,Tây Nam,2.0,2.0,Đang chờ sổ
278,Quận 4,6500.0,117.0,Không,3.0,2.0,Đang chờ sổ
279,Quận Thủ Đức,260.0,68.0,Không,2.0,2.0,Đang chờ sổ
280,Quận 7,2100.0,65.0,Không,2.0,2.0,Đang chờ sổ
281,Quận 7,2900.0,85.0,Không,3.0,2.0,Đã có sổ
282,Quận Tân Phú,2900.0,66.0,Không,2.0,1.0,Đang chờ sổ
283,Quận 1,1390.0,50.0,Đông,1.0,1.0,Đã có sổ
284,Quận 12,2650.0,80.0,Không,3.0,2.0,Đang chờ sổ
285,Quận 12,2200.0,54.0,Không,2.0,1.0,Đã có sổ
286,Quận Bình Thạnh,6700.0,88.0,Nam,2.0,2.0,Đã có sổ
287,Quận 9,2600.0,69.2,Không,2.0,2.0,Không
288,Quận Tân Phú,1700.0,52.0,Không,2.0,2.0,Đã có sổ
289,Quận 7,980.0,53.2,Không,1.0,1.0,Đang chờ sổ
290,Quận 7,3200.0,88.0,Không,3.0,2.0,Đã có sổ
291,Quận Tân Bình,4200.0,70.0,Không,2.0,2.0,Không
292,Quận 8,2300.0,72.5,Không,2.0,2.0,Đang chờ sổ
293,Quận Bình Tân,3250.0,56.0,Đông,2.0,2.0,Đang chờ sổ
294,Quận 6,3700.0,102.0,Đông,2.0,2.0,Đã có sổ
295,Quận Tân Phú,3100.0,48.0,Không,2.0,2.0,Đã có sổ
296,Quận 8,2300.0,73.0,Không,2.0,2.0,Không
297,Quận Thủ Đức,3350.0,70.0,Không,2.0,2.0,Đang chờ sổ
298,Quận 8,3100.0,89.0,Không,2.0,2.0,Đang chờ sổ
299,Quận 12,1800.0,60.0,Nam,2.0,1.0,Giấy tờ khác
300,Quận Tân Phú,3080.0,86.0,Nam,3.0,2.0,Đang chờ sổ
301,Quận 12,1900.0,83.37,Không,2.0,2.0,Đã có sổ
302,Huyện Bình Chánh,1900.0,59.0,Không,2.0,1.0,Đã có sổ
303,Huyện Nhà Bè,1650.0,75.0,Không,2.0,2.0,Đã có sổ
304,Quận 9,2300.0,68.0,Đông Bắc,2.0,2.0,Không
305,Quận 7,2250.0,58.0,Không,2.0,1.0,Đã có sổ
306,Quận 6,2600.0,75.0,Tây,2.0,2.0,Đã có sổ
307,Quận 7,2450.0,73.0,Không,2.0,1.0,Đang chờ sổ
308,Quận 2,1992.0,74.0,Tây,2.0,2.0,Đang chờ sổ
309,Quận Thủ Đức,1100.0,37.0,Đông,1.0,1.0,Đã có sổ
310,Quận Thủ Đức,3200.0,86.0,Đông Nam,2.0,2.0,Đang chờ sổ
311,Quận 2,4150.0,51.18,Không,1.0,2.0,Đang chờ sổ
312,Quận Bình Tân,2508.0,75.0,Không,2.0,2.0,Không
313,Quận Tân Phú,2450.0,64.0,Không,2.0,1.0,Đang chờ sổ
314,Quận 9,480.0,73.0,Không,2.0,2.0,Đang chờ sổ
315,Quận 9,1659.0,67.0,Không,2.0,2.0,Đang chờ sổ
316,Quận Bình Thạnh,2050.0,38.0,Không,1.0,1.0,Đang chờ sổ
317,Quận Tân Phú,3800.0,91.0,Tây,3.0,2.0,Đang chờ sổ
318,Quận Bình Thạnh,3100.0,68.0,Tây,2.0,2.0,Đã có sổ
319,Quận 8,1290.0,26.0,Đông Bắc,1.0,1.0,Đang chờ sổ
320,Quận 9,1320.0,75.0,Không,2.0,2.0,Đang chờ sổ
321,Huyện Nhà Bè,1820.0,75.0,Không,2.0,2.0,Đã có sổ
322,Huyện Bình Chánh,1680.0,70.0,Không,2.0,2.0,Đã có sổ
323,Quận Tân Bình,4200.0,70.0,Không,2.0,2.0,Không
324,Quận 8,1300.0,52.0,Không,2.0,1.0,Không
325,Quận Thủ Đức,1500.0,52.0,Không,2.0,2.0,Đã có sổ
326,Huyện Nhà Bè,2250.0,100.0,Không,2.0,2.0,Không
327,Quận Bình Tân,1468.0,60.0,Không,2.0,1.0,Không
328,Quận Bình Tân,1335.0,50.0,Không,2.0,1.0,Đã có sổ
329,Quận 6,2299.0,65.0,Tây,2.0,2.0,Đã có sổ
330,Quận Tân Phú,1450.0,44.0,Không,1.0,1.0,Đã có sổ
331,Quận 7,4500.0,99.0,Không,3.0,2.0,Không
332,Quận 2,2200.0,73.0,Không,3.0,2.0,Đã có sổ
333,Quận Bình Tân,2300.0,56.0,Không,2.0,1.0,Đang chờ sổ
334,Quận 10,4500.0,70.0,Không,2.0,2.0,Đang chờ sổ
335,Quận Tân Phú,2400.0,63.0,Không,2.0,1.0,Không
336,Quận 7,2220.0,53.0,Tây,1.0,1.0,Đang chờ sổ
337,Quận Bình Thạnh,3100.0,81.0,Tây,3.0,2.0,Không
338,Quận 2,3200.0,60.0,Không,2.0,2.0,Giấy tờ khác
339,Quận Tân Phú,5182.0,85.5,Đông Nam,2.0,2.0,Giấy tờ khác
340,Quận Tân Phú,2000.0,50.0,Không,1.0,1.0,Không
341,Quận Thủ Đức,2970.0,67.0,Tây,2.0,2.0,Giấy tờ khác
342,Quận Bình Thạnh,3000.0,68.0,Không,2.0,2.0,Không
343,Quận 7,2250.0,56.51,Không,2.0,1.0,Đã có sổ
344,Quận 2,8500.0,200.0,Không,4.0,3.0,Đã có sổ
345,Quận 9,1400.0,58.0,Không,2.0,2.0,Không
346,Quận 8,1700.0,64.0,Tây Bắc,2.0,2.0,Đang chờ sổ
347,Quận 7,1700.0,37.0,Không,1.0,1.0,Không
348,Quận 8,1650.0,55.3,Tây,1.0,1.0,Không
349,Quận 9,1750.0,39.4,Tây Bắc,1.0,1.0,Giấy tờ khác
350,Quận 2,1650.0,60.0,Đông Nam,2.0,1.0,Đang chờ sổ
351,Quận 7,2200.0,62.0,Không,2.0,2.0,Đang chờ sổ
352,Quận 8,2300.0,69.0,Đông Bắc,2.0,2.0,Đang chờ sổ
353,Quận 7,1700.0,38.0,Không,1.0,1.0,Không
354,Quận 9,2900.0,67.0,Đông Nam,2.0,2.0,Đã có sổ
355,Quận Tân Phú,2850.0,77.0,Bắc,2.0,2.0,Đang chờ sổ
356,Quận 9,1460.0,59.0,Không,2.0,1.0,Không
357,Quận 10,2300.0,45.0,Nam,1.0,1.0,Giấy tờ khác
358,Quận 2,3700.0,50.0,Không,1.0,1.0,Đã có sổ
359,Quận 7,2550.0,161.0,Tây,3.0,4.0,Đang chờ sổ
360,Quận 9,1680.0,49.0,Tây,2.0,1.0,Đã có sổ
361,Quận Tân Phú,2350.0,74.0,Không,2.0,2.0,Đã có sổ
362,Quận Bình Tân,2700.0,70.0,Không,2.0,2.0,Đã có sổ
363,Quận 9,2650.0,67.0,Bắc,2.0,2.0,Đang chờ sổ
364,Quận 8,2390.0,73.0,Tây Bắc,2.0,2.0,Đang chờ sổ
365,Quận Tân Phú,2540.0,54.0,Không,2.0,1.0,Không
366,Quận 9,2550.0,69.0,Đông Nam,2.0,2.0,Đang chờ sổ
367,Quận Tân Phú,2280.0,53.0,Tây Bắc,2.0,1.0,Giấy tờ khác
368,Quận 2,2200.0,80.0,Đông Nam,2.0,3.0,Đã có sổ
369,Quận Bình Tân,2460.0,75.0,Không,2.0,2.0,Không
370,Quận Thủ Đức,1850.0,50.0,Đông Nam,2.0,1.0,Đã có sổ
371,Quận Thủ Đức,3850.0,86.0,Đông,3.0,2.0,Đang chờ sổ
372,Quận 9,1680.0,65.0,Không,2.0,1.0,Đang chờ sổ
373,Quận 5,1850.0,66.0,Không,2.0,1.0,Đã có sổ
374,Quận 11,5000.0,86.0,Không,3.0,2.0,Đã có sổ
375,Quận Thủ Đức,1700.0,60.0,Không,2.0,2.0,Đang chờ sổ
376,Quận Tân Phú,2470.0,54.0,Không,2.0,1.0,Không
377,Quận 7,2500.0,80.0,Không,2.0,2.0,Đã có sổ
378,Quận 8,2479.0,78.88,Không,2.0,2.0,Đang chờ sổ
379,Quận 7,450.0,38.0,Tây,1.0,1.0,Giấy tờ khác
380,Quận Bình Thạnh,2750.0,68.0,Tây Bắc,2.0,1.0,Đã có sổ
381,Quận Tân Phú,2000.0,55.0,Đông,2.0,1.0,Đang chờ sổ
382,Quận 2,4777.777,73.0,Không,2.0,2.0,Đã có sổ
383,Quận Bình Tân,2420.0,68.0,Không,2.0,2.0,Đang chờ sổ
384,Huyện Nhà Bè,3000.0,60.0,Không,2.0,2.0,Đang chờ sổ
385,Quận 4,3980.0,57.0,Đông Bắc,2.0,1.0,Đang chờ sổ
386,Quận 2,7500.0,73.2,Tây Bắc,2.0,2.0,Đang chờ sổ
387,Quận 8,2900.0,68.0,Không,2.0,2.0,Đã có sổ
388,Quận 1,3750.0,52.0,Không,1.0,1.0,Đã có sổ
389,Quận 2,6310.0,101.0,Đông Nam,3.0,2.0,Không
390,Quận 4,2800.0,30.0,Tây,1.0,1.0,Đã có sổ
391,Quận 1,18000.0,66.0,Đông Nam,2.0,2.0,Đang chờ sổ
392,Quận 7,1800.0,40.0,Nam,1.0,1.0,Đang chờ sổ
393,Quận Tân Phú,3700.0,91.0,Không,3.0,2.0,Không
394,Huyện Nhà Bè,3400.0,83.0,Không,3.0,2.0,Đang chờ sổ
395,Quận 7,2500.0,76.0,Không,2.0,2.0,Giấy tờ khác
396,Quận 3,5300.0,82.0,Không,2.0,2.0,Đã có sổ
397,Quận 10,6300.0,86.0,Đông Nam,2.0,2.0,Đang chờ sổ
398,Quận Thủ Đức,2750.0,67.0,Không,2.0,2.0,Không
399,Quận 9,1500.0,58.0,Không,2.0,1.0,Đã có sổ
400,Quận 8,1800.0,54.0,Đông Nam,2.0,1.0,Giấy tờ khác
401,Quận 9,1400.0,58.0,Không,2.0,2.0,Không
402,Quận 7,3050.0,93.0,Đông Bắc,3.0,2.0,Giấy tờ khác
403,Quận Thủ Đức,3500.0,87.0,Không,3.0,2.0,Không
404,Quận Thủ Đức,1100.0,58.0,Đông Nam,2.0,2.0,Giấy tờ khác
405,Huyện Bình Chánh,1380.0,63.0,Không,2.0,1.0,Không
406,Quận 2,7000.0,71.7,Không,2.0,2.0,Đang chờ sổ
407,Quận 8,2795.0,85.86,Nam,3.0,2.0,Đang chờ sổ
408,Quận 8,2300.0,72.0,Tây Bắc,2.0,2.0,Đang chờ sổ
409,Huyện Nhà Bè,3130.0,65.0,Không,2.0,2.0,Giấy tờ khác
410,Quận Thủ Đức,2330.0,84.0,Không,2.0,2.0,Đã có sổ
411,Huyện Bình Chánh,3450.0,115.0,Đông Nam,3.0,2.0,Đã có sổ
412,Quận Tân Phú,2600.0,53.0,Không,2.0,1.0,Không
413,Quận 2,5500.0,80.0,Không,2.0,2.0,Đang chờ sổ
414,Quận 7,2500.0,80.0,Bắc,2.0,2.0,Đã có sổ
415,Quận 12,2200.0,57.0,Không,2.0,1.0,Đang chờ sổ
416,Quận Bình Thạnh,2600.0,65.0,Không,2.0,2.0,Đã có sổ
417,Quận Tân Bình,2300.0,35.0,Không,1.0,1.0,Không
418,Quận Tân Phú,2180.0,75.0,Không,2.0,2.0,Đã có sổ
419,Quận Thủ Đức,1100.0,47.0,Không,2.0,1.0,Đã có sổ
420,Quận 4,6900.0,115.0,Đông Bắc,3.0,2.0,Đang chờ sổ
421,Quận 9,1700.0,55.0,Không,1.0,1.0,Đã có sổ
422,Huyện Bình Chánh,2000.0,59.0,Không,2.0,2.0,Đã có sổ
423,Huyện Bình Chánh,3424.0,80.0,Không,2.0,2.0,Không
424,Quận 2,5352.0,101.0,Không,3.0,2.0,Đang chờ sổ
425,Quận 9,1996.0,59.4,Không,2.0,1.0,Đang chờ sổ
426,Quận 2,2450.0,51.0,Đông Bắc,1.0,1.0,Đã có sổ
427,Quận 7,1360.0,50.0,Không,2.0,2.0,Giấy tờ khác
428,Quận Phú Nhuận,1850.0,36.0,Đông Nam,1.0,1.0,Giấy tờ khác
429,Quận 2,2200.0,82.0,Không,2.0,2.0,Đã có sổ
430,Huyện Bình Chánh,2250.0,65.0,Không,2.0,2.0,Đang chờ sổ
431,Quận 7,3100.0,70.0,Không,2.0,2.0,Đang chờ sổ
432,Quận Bình Thạnh,9500.0,150.0,Không,4.0,3.0,Đang chờ sổ
433,Quận 7,2850.0,75.0,Không,2.0,2.0,Không
434,Quận 12,2380.0,65.0,Tây Bắc,2.0,2.0,Đã có sổ
435,Quận 9,1271.0,47.0,Không,2.0,1.0,Đang chờ sổ
436,Quận 9,1399.0,59.0,Không,2.0,1.0,Không
437,Huyện Nhà Bè,1790.0,72.0,Đông Bắc,2.0,2.0,Đã có sổ
438,Quận Bình Tân,1490.0,48.0,Đông Nam,1.0,1.0,Đang chờ sổ
439,Quận Thủ Đức,1830.0,63.18,Không,2.0,2.0,Không
440,Quận 8,2300.0,69.0,Đông,2.0,2.0,Đang chờ sổ
441,Quận Bình Tân,1885.0,67.0,Không,2.0,2.0,Không
442,Quận Thủ Đức,1750.0,51.0,Không,2.0,1.0,Đã có sổ
443,Quận 9,1780.0,66.0,Không,3.0,2.0,Đang chờ sổ
444,Quận Phú Nhuận,3000.0,53.0,Không,1.0,1.0,Đang chờ sổ
445,Quận 9,2360.0,69.0,Không,2.0,2.0,Đang chờ sổ
446,Quận 9,1240.0,30.0,Tây Nam,1.0,1.0,Không
447,Quận 9,2750.0,68.0,Đông Nam,2.0,2.0,Không
448,Quận Thủ Đức,1300.0,50.0,Bắc,2.0,1.0,Không
449,Quận Tân Phú,1250.0,47.0,Không,1.0,1.0,Đang chờ sổ
450,Quận 9,2030.0,81.0,Không,3.0,2.0,Đang chờ sổ
451,Quận 9,2450.0,69.0,Không,2.0,2.0,Đang chờ sổ
452,Quận Gò Vấp,4000.0,69.3,Không,2.0,2.0,Không
453,Quận Bình Tân,950.0,48.0,Không,1.0,1.0,Đã có sổ
454,Quận 7,5200.0,77.0,Không,2.0,2.0,Đã có sổ
455,Quận 5,2740.0,79.0,Không,2.0,2.0,Đã có sổ
456,Quận Bình Thạnh,2750.0,54.0,Nam,2.0,1.0,Đã có sổ
457,Quận 12,600.0,57.0,Không,2.0,1.0,Đang chờ sổ
458,Quận 9,1400.0,58.0,Không,2.0,2.0,Không
459,Quận Tân Phú,2350.0,50.0,Đông Nam,2.0,1.0,Đã có sổ
460,Quận Thủ Đức,2150.0,70.0,Tây Nam,2.0,2.0,Đang chờ sổ
461,Quận 2,1900.0,59.0,Đông,2.0,2.0,Đang chờ sổ
462,Huyện Bình Chánh,2300.0,59.0,Không,2.0,2.0,Đang chờ sổ
463,Huyện Bình Chánh,1700.0,72.0,Nam,2.0,2.0,Đã có sổ
464,Huyện Nhà Bè,2350.0,97.0,Đông,2.0,2.0,Đã có sổ
465,Quận Thủ Đức,1800.0,55.62,Đông Bắc,2.0,1.0,Giấy tờ khác
466,Quận Bình Tân,760.0,37.0,Không,1.0,1.0,Giấy tờ khác
467,Quận Thủ Đức,1650.0,57.0,Đông Nam,2.0,2.0,Không
468,Quận 9,1700.0,47.0,Không,1.0,1.0,Không
469,Quận Tân Phú,2700.0,65.0,Không,2.0,2.0,Không
470,Quận 2,1550.0,32.0,Tây Nam,1.0,1.0,Đã có sổ
471,Quận 6,2000.0,65.0,Không,2.0,2.0,Đã có sổ
472,Quận 7,1500.0,67.0,Không,2.0,2.0,Đang chờ sổ
473,Quận 7,2650.0,89.0,Không,3.0,2.0,Đang chờ sổ
474,Quận Gò Vấp,3500.0,124.0,Không,2.0,1.0,Không
475,Quận 10,3500.0,53.0,Không,1.0,1.0,Đã có sổ
476,Quận 2,4000.0,76.0,Tây Bắc,2.0,2.0,Không
477,Quận 8,3300.0,70.0,Không,2.0,1.0,Không
478,Quận 9,2200.0,59.0,Tây Nam,2.0,1.0,Đang chờ sổ
479,Quận Tân Phú,2650.0,94.0,Nam,3.0,2.0,Đã có sổ
480,Quận 6,2350.0,65.0,Nam,2.0,2.0,Đang chờ sổ
481,Quận Bình Thạnh,7000.0,100.0,Không,3.0,2.0,Giấy tờ khác
482,Quận 10,3500.0,41.0,Nam,2.0,1.0,Đã có sổ
483,Quận 2,7500.0,64.0,Đông Bắc,1.0,1.0,Đã có sổ
484,Quận Bình Thạnh,3500.0,87.0,Không,2.0,2.0,Đã có sổ
485,Quận Tân Phú,1550.0,48.0,Đông Nam,2.0,1.0,Đã có sổ
486,Quận 7,1750.0,14.0,Tây,1.0,2.0,Đã có sổ
487,Quận Thủ Đức,260.0,60.0,Không,2.0,2.0,Đang chờ sổ
488,Quận 9,2750.0,62.0,Đông Nam,2.0,2.0,Đã có sổ
489,Quận Bình Thạnh,2300.0,64.0,Đông Nam,3.0,1.0,Không
490,Quận 2,3999.999,75.0,Không,2.0,2.0,Không
491,Quận 2,4000.0,120.0,Không,3.0,2.0,Đã có sổ
492,Quận Bình Thạnh,3480.0,67.0,Tây Bắc,2.0,2.0,Đang chờ sổ
493,Quận Bình Thạnh,2350.0,55.0,Tây,1.0,1.0,Đã có sổ
494,Quận Tân Phú,1280.0,52.0,Đông Nam,2.0,1.0,Đã có sổ
495,Quận 2,2550.0,51.0,Đông Bắc,1.0,1.0,Đã có sổ
496,Quận 4,4400.0,65.0,Không,2.0,2.0,Đang chờ sổ
497,Quận Bình Thạnh,5600.0,81.0,Đông Nam,2.0,2.0,Đã có sổ
498,Quận 9,2450.0,69.0,Không,2.0,2.0,Đang chờ sổ
499,Quận 12,2439.0,81.0,Không,3.0,2.0,Giấy tờ khác
500,Quận 4,2100.0,32.5,Không,1.0,1.0,Đang chờ sổ
501,Quận 12,2300.0,57.64,Không,2.0,1.0,Giấy tờ khác
502,Quận 12,2830.0,79.7,Tây,3.0,2.0,Giấy tờ khác
503,Quận 9,1300.0,59.0,Tây Nam,2.0,1.0,Không
504,Quận Thủ Đức,1820.0,62.0,Không,2.0,2.0,Không
505,Quận 6,3600.0,50.0,Không,1.0,1.0,Giấy tờ khác
506,Quận 7,2750.0,60.0,Không,2.0,2.0,Không
507,Quận Thủ Đức,1275.0,38.1,Tây Bắc,1.0,1.0,Đã có sổ
508,Quận 7,3600.0,65.0,Không,2.0,2.0,Đã có sổ
509,Quận Thủ Đức,1300.0,65.0,Đông Nam,4.0,3.0,Đã có sổ
510,Quận Bình Thạnh,5800.0,79.0,Đông Bắc,2.0,2.0,Đã có sổ
511,Quận 8,3400.0,115.0,Không,2.0,2.0,Đã có sổ
512,Quận 8,2400.0,51.0,Không,1.0,1.0,Đang chờ sổ
513,Quận Thủ Đức,1100.0,47.0,Đông Nam,2.0,2.0,Giấy tờ khác
514,Quận 8,2550.0,82.0,Không,2.0,2.0,Đang chờ sổ
515,Quận 8,3200.0,115.0,Tây,2.0,2.0,Đã có sổ
516,Quận 1,4260.0,90.0,Không,3.0,2.0,Đã có sổ
517,Quận Tân Phú,2800.0,65.0,Không,2.0,2.0,Không
518,Quận 2,2450.0,56.0,Không,1.0,1.0,Không
519,Quận 8,2200.0,68.0,Không,2.0,2.0,Không
520,Quận 9,2150.0,59.0,Tây,2.0,1.0,Đang chờ sổ
521,Quận Bình Tân,2500.0,75.0,Không,2.0,2.0,Đang chờ sổ
522,Quận 9,1430.0,62.38,Không,2.0,2.0,Giấy tờ khác
523,Quận 2,4150.0,68.0,Không,2.0,2.0,Đã có sổ
524,Quận 8,1500.0,50.0,Không,2.0,2.0,Đã có sổ
525,Quận 4,3300.0,55.0,Tây Nam,1.0,1.0,Đang chờ sổ
526,Quận 12,1650.0,58.0,Đông Nam,2.0,2.0,Đã có sổ
527,Quận Tân Phú,3700.0,60.0,Đông,2.0,1.0,Đang chờ sổ
528,Quận 8,1980.0,73.0,Đông,2.0,2.0,Không
529,Quận 2,5300.0,105.0,Không,3.0,2.0,Đang chờ sổ
530,Huyện Bình Chánh,1838.0,54.0,Không,2.0,1.0,Giấy tờ khác
531,Quận Thủ Đức,1290.0,37.0,Tây Bắc,1.0,1.0,Đã có sổ
532,Huyện Nhà Bè,2900.0,129.0,Không,3.0,2.0,Đã có sổ
533,Quận Bình Tân,2500.0,75.0,Không,2.0,2.0,Không
534,Quận Bình Tân,2000.0,56.0,Không,2.0,1.0,Đang chờ sổ
535,Quận 4,7200.0,115.0,Đông Bắc,3.0,2.0,Đang chờ sổ
536,Quận 8,1800.0,96.0,Không,2.0,2.0,Đã có sổ
537,Quận 2,4200.0,76.0,Tây Bắc,2.0,2.0,Đang chờ sổ
538,Quận 8,1600.0,72.0,Không,2.0,2.0,Đang chờ sổ
539,Quận 4,2600.0,37.0,Không,1.0,1.0,Giấy tờ khác
540,Quận 9,1400.0,58.0,Không,2.0,2.0,Không
541,Quận Gò Vấp,3500.0,74.0,Không,2.0,2.0,Đang chờ sổ
542,Quận 1,2600.0,56.0,Nam,2.0,1.0,Đã có sổ
543,Quận Tân Phú,2330.0,66.0,Đông,2.0,1.0,Đã có sổ
544,Quận Bình Thạnh,4500.0,95.0,Đông Nam,2.0,2.0,Đã có sổ
545,Quận Gò Vấp,3300.0,93.0,Không,3.0,3.0,Đã có sổ
546,Quận 1,15000.0,41.0,Không,1.0,1.0,Giấy tờ khác
547,Quận 9,2010.0,59.0,Đông Nam,2.0,1.0,Đang chờ sổ
548,Quận Phú Nhuận,2400.0,52.0,Tây Nam,2.0,1.0,Đã có sổ
549,Quận 9,2900.0,67.0,Không,2.0,2.0,Không
550,Quận 12,2050.0,70.0,Không,2.0,2.0,Không
551,Quận Bình Thạnh,1750.0,70.0,Tây Bắc,2.0,2.0,Đã có sổ
552,Quận Tân Phú,2450.0,90.0,Không,3.0,2.0,Đã có sổ
553,Quận Bình Tân,1950.0,63.0,Không,2.0,2.0,Không
554,Quận 8,2890.0,92.0,Không,3.0,2.0,Đã có sổ
555,Quận 9,2200.0,66.0,Không,2.0,2.0,Không
556,Quận Tân Phú,3150.0,80.0,Không,3.0,2.0,Đang chờ sổ
557,Quận 7,2150.0,69.0,Không,2.0,2.0,Đã có sổ
558,Quận Thủ Đức,1200.0,40.0,Không,1.0,1.0,Không
559,Quận 7,2600.0,76.0,Không,2.0,2.0,Đang chờ sổ
560,Quận Thủ Đức,1500.0,51.0,Không,2.0,2.0,Đã có sổ
561,Quận Phú Nhuận,4400.0,72.5,Không,2.0,2.0,Không
562,Huyện Bình Chánh,1700.0,50.0,Tây,1.0,1.0,Không
563,Quận Gò Vấp,200.0,50.0,Không,2.0,2.0,Đang chờ sổ
564,Quận 8,2950.0,87.0,Tây,2.0,1.0,Đã có sổ
565,Quận 7,4885.0,106.9,Nam,3.0,2.0,Đã có sổ
566,Quận 8,1300.0,72.0,Không,2.0,2.0,Đã có sổ
567,Quận Bình Thạnh,10000.0,150.0,Không,4.0,3.0,Đã có sổ
568,Quận 2,4750.0,75.0,Không,2.0,2.0,Không
569,Quận 2,450.0,100.0,Không,3.0,2.0,Đã có sổ
570,Quận 10,2400.0,54.0,Không,2.0,1.0,Đã có sổ
571,Quận Thủ Đức,2800.0,56.0,Không,2.0,2.0,Đã có sổ
572,Quận Tân Phú,2520.0,66.0,Tây Bắc,2.0,1.0,Đang chờ sổ
573,Quận 2,4800.0,74.73,Không,2.0,2.0,Đang chờ sổ
574,Quận 7,2590.0,77.0,Không,3.0,3.0,Đã có sổ
575,Quận 12,1895.0,61.0,Không,2.0,2.0,Đã có sổ
576,Quận 4,3100.0,75.0,Đông,2.0,2.0,Đã có sổ
577,Quận 2,4500.0,89.0,Không,3.0,2.0,Không
578,Huyện Bình Chánh,2500.0,68.0,Không,2.0,1.0,Đang chờ sổ
579,Quận Bình Thạnh,5500.0,83.6,Không,2.0,2.0,Không
580,Quận 7,1750.0,58.0,Không,1.0,1.0,Đã có sổ
581,Quận 8,2200.0,60.0,Không,2.0,2.0,Đang chờ sổ
582,Quận Gò Vấp,950.0,45.0,Không,1.0,1.0,Không
583,Quận Thủ Đức,1735.0,62.0,Đông,2.0,2.0,Đang chờ sổ
584,Quận 10,2200.0,45.0,Không,1.0,2.0,Đang chờ sổ
585,Quận 9,1271.0,47.0,Không,2.0,1.0,Đang chờ sổ
586,Quận 2,4275.0,57.0,Không,1.0,1.0,Đang chờ sổ
587,Quận Thủ Đức,1350.0,55.88,Không,2.0,2.0,Không
588,Quận 6,4000.0,67.0,Không,2.0,2.0,Đã có sổ
589,Quận 2,3200.0,57.0,Đông Nam,1.0,1.0,Đang chờ sổ
590,Quận Thủ Đức,2650.0,74.0,Không,2.0,2.0,Không
591,Quận Phú Nhuận,4900.0,83.0,Không,3.0,2.0,Không
592,Quận Phú Nhuận,5180.0,84.0,Không,3.0,2.0,Đang chờ sổ
593,Quận Gò Vấp,2150.0,53.0,Đông Nam,2.0,1.0,Đang chờ sổ
594,Quận 2,4891.0,67.0,Không,2.0,2.0,Giấy tờ khác
595,Quận Tân Phú,2200.0,70.0,Không,2.0,2.0,Đang chờ sổ
596,Quận Bình Tân,1400.0,50.0,Không,1.0,1.0,Đã có sổ
597,Quận 8,2300.0,49.0,Không,1.0,1.0,Không
598,Quận Bình Tân,2500.0,85.0,Không,3.0,3.0,Đã có sổ
599,Quận 12,2100.0,57.0,Không,2.0,1.0,Giấy tờ khác
600,Quận 2,4800.0,100.0,Đông Nam,3.0,2.0,Đang chờ sổ
601,Quận Tân Phú,1500.0,58.0,Không,2.0,1.0,Đã có sổ
602,Quận Tân Phú,2360.0,73.0,Không,2.0,2.0,Đã có sổ
603,Quận Tân Phú,2800.0,69.0,Không,2.0,2.0,Đang chờ sổ
604,Huyện Bình Chánh,1900.0,59.0,Đông Bắc,2.0,2.0,Giấy tờ khác
605,Quận 12,650.0,57.0,Nam,2.0,1.0,Giấy tờ khác
606,Quận 12,1100.0,65.0,Không,2.0,1.0,Giấy tờ khác
607,Quận Thủ Đức,260.0,60.0,Không,2.0,2.0,Đang chờ sổ
608,Quận 2,4120.0,64.0,Đông Nam,2.0,2.0,Đã có sổ
609,Quận 8,1780.0,64.0,Nam,2.0,2.0,Đang chờ sổ
610,Quận 2,1900.0,65.0,Không,2.0,2.0,Đã có sổ
611,Quận 7,2800.0,75.0,Không,2.0,2.0,Không
612,Quận Tân Phú,2800.0,66.0,Không,2.0,2.0,Không
613,Quận 9,2100.0,59.0,Tây,2.0,1.0,Đang chờ sổ
614,Quận 2,390.0,32.0,Không,1.0,1.0,Đang chờ sổ
615,Quận 2,3300.0,46.43,Không,1.0,1.0,Đang chờ sổ
616,Quận 7,5200.0,120.0,Không,3.0,2.0,Đã có sổ
617,Quận 8,1830.0,65.0,Bắc,2.0,1.0,Đang chờ sổ
618,Quận 7,2700.0,55.0,Không,1.0,1.0,Đã có sổ
619,Quận Phú Nhuận,5500.0,86.0,Không,3.0,2.0,Không
620,Huyện Bình Chánh,380.0,45.0,Nam,2.0,2.0,Đã có sổ
621,Quận Tân Phú,2730.0,64.0,Không,2.0,2.0,Không
622,Quận Thủ Đức,1950.0,55.52,Tây Bắc,2.0,2.0,Đã có sổ
623,Quận 2,4260.0,76.0,Tây Bắc,2.0,2.0,Đã có sổ
624,Quận 8,2210.0,60.0,Không,2.0,2.0,Đang chờ sổ
625,Quận Bình Tân,1420.0,57.0,Không,2.0,2.0,Đang chờ sổ
626,Quận 7,2300.0,66.66,Không,2.0,2.0,Đang chờ sổ
627,Quận Bình Thạnh,1850.0,101.0,Không,2.0,2.0,Đã có sổ
628,Quận Tân Phú,2700.0,78.0,Không,2.0,2.0,Đã có sổ
629,Quận 9,2200.0,59.0,Tây Nam,2.0,1.0,Đang chờ sổ
630,Quận Bình Tân,1430.0,50.0,Nam,1.0,1.0,Đã có sổ
631,Quận Tân Phú,1880.0,61.0,Đông Bắc,2.0,1.0,Đã có sổ
632,Quận 7,2590.0,70.12,Không,2.0,2.0,Đã có sổ
633,Quận Bình Tân,540.0,34.0,Không,1.0,1.0,Không
634,Quận 2,2150.0,65.0,Không,2.0,2.0,Đang chờ sổ
635,Quận 8,2000.0,73.0,Không,2.0,2.0,Đang chờ sổ
636,Huyện Bình Chánh,1380.0,60.0,Không,2.0,2.0,Đang chờ sổ
637,Quận 8,2434.0,67.0,Không,2.0,2.0,Đã có sổ
638,Quận Bình Tân,2500.0,71.0,Đông Nam,2.0,2.0,Đang chờ sổ
639,Quận 8,1500.0,65.0,Đông Nam,2.0,2.0,Đang chờ sổ
640,Quận 10,4950.0,72.0,Không,2.0,2.0,Không
641,Quận Tân Phú,4200.0,92.0,Không,3.0,2.0,Không
642,Quận Bình Thạnh,3600.0,92.0,Không,3.0,2.0,Đang chờ sổ
643,Quận 6,3550.0,62.0,Không,2.0,1.0,Đang chờ sổ
644,Quận Bình Thạnh,2550.0,70.0,Không,2.0,1.0,Đã có sổ
645,Quận Tân Phú,3250.0,91.0,Không,3.0,2.0,Đang chờ sổ
646,Huyện Nhà Bè,4000.0,150.0,Không,3.0,2.0,Đã có sổ
647,Quận Tân Bình,2950.0,87.0,Không,2.0,2.0,Đã có sổ
648,Quận Tân Phú,3050.0,66.0,Đông Bắc,2.0,1.0,Đang chờ sổ
649,Quận Tân Phú,1880.0,61.6,Không,2.0,1.0,Đã có sổ
650,Quận 7,2500.0,66.66,Không,2.0,2.0,Đang chờ sổ
651,Quận Tân Phú,2500.0,71.0,Không,2.0,2.0,Không
652,Quận Gò Vấp,3850.0,72.0,Nam,2.0,2.0,Đang chờ sổ
653,Quận Thủ Đức,2400.0,56.0,Không,2.0,2.0,Đang chờ sổ
654,Huyện Hóc Môn,350.0,33.0,Không,1.0,1.0,Không
655,Quận 10,6250.0,78.0,Không,2.0,2.0,Đang chờ sổ
656,Quận 4,2550.0,30.0,Tây Nam,1.0,1.0,Đang chờ sổ
657,Quận 9,1780.0,65.0,Không,3.0,2.0,Không
658,Quận Gò Vấp,230.0,40.0,Đông Nam,2.0,2.0,Đã có sổ
659,Quận 12,1495.0,56.0,Đông,1.0,1.0,Đã có sổ
660,Quận Bình Thạnh,2100.0,70.0,Không,2.0,2.0,Không
661,Quận Bình Tân,640.0,38.0,Tây Nam,1.0,1.0,Giấy tờ khác
662,Quận 9,1790.0,68.0,Không,2.0,2.0,Không
663,Quận 2,2350.0,87.0,Không,2.0,2.0,Đã có sổ
664,Quận 8,1500.0,65.0,Đông Nam,2.0,2.0,Đang chờ sổ
665,Quận Tân Bình,868.0,33.0,Không,1.0,1.0,Giấy tờ khác
666,Huyện Bình Chánh,2800.0,82.0,Đông Nam,3.0,3.0,Đang chờ sổ
667,Quận 8,2580.0,92.0,Không,3.0,2.0,Giấy tờ khác
668,Huyện Bình Chánh,950.0,55.0,Không,2.0,2.0,Đang chờ sổ
669,Quận 12,1570.0,73.7,Đông Nam,2.0,2.0,Đã có sổ
670,Quận 2,3700.0,75.0,Không,2.0,2.0,Giấy tờ khác
671,Quận Thủ Đức,2200.0,67.0,Đông Nam,2.0,2.0,Không
672,Quận Tân Phú,3750.0,74.0,Không,2.0,2.0,Đang chờ sổ
673,Quận 7,4000.0,99.0,Không,2.0,2.0,Đã có sổ
674,Quận 2,4295.0,90.0,Không,3.0,2.0,Đang chờ sổ
675,Quận 12,2700.0,68.0,Không,2.0,2.0,Giấy tờ khác
676,Quận 8,1300.0,52.0,Không,2.0,1.0,Đang chờ sổ
677,Huyện Bình Chánh,2200.0,60.0,Đông,2.0,2.0,Đang chờ sổ
678,Quận 12,1800.0,50.0,Không,2.0,2.0,Không
679,Quận Thủ Đức,2750.0,72.0,Đông,2.0,2.0,Đã có sổ
680,Quận Gò Vấp,950.0,37.0,Đông Nam,1.0,1.0,Đã có sổ
681,Quận Bình Tân,3200.0,80.5,Không,2.0,2.0,Không
682,Quận 9,1730.0,55.0,Tây Bắc,1.0,1.0,Đã có sổ
683,Quận Gò Vấp,2200.0,53.0,Không,2.0,2.0,Đang chờ sổ
684,Quận 8,1660.0,62.0,Không,2.0,2.0,Đang chờ sổ
685,Quận 7,3850.0,76.0,Không,2.0,2.0,Không
686,Quận 9,2150.0,59.0,Không,2.0,1.0,Đang chờ sổ
687,Quận 9,1780.0,46.5,Không,1.0,1.0,Không
688,Quận 9,1820.0,46.0,Không,1.0,1.0,Đang chờ sổ
689,Quận 6,2000.0,61.0,Không,2.0,1.0,Đang chờ sổ
690,Quận Thủ Đức,1150.0,38.1,Không,1.0,1.0,Đã có sổ
691,Quận 9,2600.0,69.0,Không,2.0,2.0,Đang chờ sổ
692,Quận 10,3300.0,43.0,Không,1.0,1.0,Đang chờ sổ
693,Quận Phú Nhuận,200.0,50.0,Không,2.0,2.0,Không
694,Quận Phú Nhuận,8150.0,109.0,Không,3.0,2.0,Không
695,Quận 5,5200.0,74.0,Tây Nam,2.0,2.0,Đã có sổ
696,Quận 5,5200.0,75.0,Không,2.0,2.0,Đã có sổ
697,Quận 9,3300.0,52.0,Đông Nam,1.0,1.0,Đang chờ sổ
698,Quận 9,1000.0,68.0,Không,2.0,2.0,Không
699,Quận Phú Nhuận,3500.0,48.0,Tây,1.0,1.0,Đang chờ sổ
700,Quận 9,2350.0,67.0,Không,2.0,2.0,Không
701,Quận Phú Nhuận,4300.0,70.0,Không,2.0,1.0,Giấy tờ khác
702,Quận Bình Thạnh,3500.0,66.0,Không,2.0,2.0,Đang chờ sổ
703,Quận 2,6051.0,101.0,Đông Nam,3.0,2.0,Giấy tờ khác
704,Quận Bình Tân,1880.0,71.0,Đông,2.0,1.0,Đã có sổ
705,Quận Bình Tân,1500.0,43.0,Không,1.0,1.0,Giấy tờ khác
706,Quận 2,1600.0,57.0,Đông,2.0,2.0,Giấy tờ khác
707,Quận 9,1650.0,50.0,Không,1.0,1.0,Không
708,Quận 8,2300.0,73.0,Nam,2.0,2.0,Đang chờ sổ
709,Quận 9,2025.0,65.0,Không,2.0,2.0,Đã có sổ
710,Quận Thủ Đức,1680.0,60.0,Không,2.0,2.0,Đã có sổ
711,Quận 8,2640.0,68.0,Tây Bắc,2.0,2.0,Không
712,Quận 7,4100.0,100.0,Không,2.0,2.0,Đã có sổ
713,Quận Tân Phú,2500.0,67.0,Không,2.0,2.0,Đang chờ sổ
714,Quận 2,5300.0,109.0,Không,3.0,2.0,Đang chờ sổ
715,Quận 8,2169.0,77.64,Không,2.0,2.0,Đã có sổ
716,Quận Bình Tân,2220.0,56.012,Không,2.0,1.0,Không
717,Quận Bình Tân,2250.0,56.0099,Không,2.0,1.0,Không
718,Quận Tân Phú,1560.0,45.0,Tây,1.0,1.0,Đã có sổ
719,Quận Bình Tân,2920.0,56.0101,Không,2.0,1.0,Không
720,Quận Bình Tân,2920.0,75.0015,Không,2.0,2.0,Không
721,Quận Bình Tân,2588.0,77.001,Không,2.0,2.0,Không
722,Quận Bình Tân,1880.0,89.0,Bắc,2.0,1.0,Đã có sổ
723,Quận Tân Phú,3300.0,60.62,Đông Nam,2.0,2.0,Đã có sổ
724,Quận 4,3950.0,57.0,Đông Bắc,2.0,1.0,Đang chờ sổ
725,Quận 5,6500.0,82.0,Tây,2.0,2.0,Đã có sổ
726,Quận 10,2650.0,53.0,Không,2.0,2.0,Đang chờ sổ
727,Quận 7,3500.0,87.0,Tây,3.0,2.0,Không
728,Quận Thủ Đức,1400.0,50.0,Không,1.0,1.0,Không
729,Quận 12,1590.0,73.7,Đông Nam,2.0,2.0,Đã có sổ
730,Quận 10,3450.0,75.0,Đông,2.0,2.0,Đang chờ sổ
731,Quận 12,800.0,33.0,Không,1.0,1.0,Giấy tờ khác
732,Quận Thủ Đức,2400.0,57.0,Đông Nam,2.0,2.0,Đã có sổ
733,Quận 2,2450.0,50.0,Nam,2.0,1.0,Không
734,Huyện Nhà Bè,1600.0,52.0,Không,1.0,1.0,Giấy tờ khác
735,Quận 7,1800.0,53.0,Không,2.0,1.0,Không
736,Huyện Nhà Bè,2350.0,65.0,Không,2.0,2.0,Đã có sổ
737,Quận Bình Thạnh,950.0,37.5,Không,1.0,1.0,Đã có sổ
738,Quận 9,1860.0,47.5,Tây,1.0,1.0,Giấy tờ khác
739,Quận 2,4150.0,65.0,Không,2.0,2.0,Đã có sổ
740,Quận Thủ Đức,1500.0,51.0,Đông Nam,1.0,1.0,Đang chờ sổ
741,Quận 9,1090.0,35.0,Không,1.0,1.0,Không
742,Quận Gò Vấp,1750.0,70.0,Đông Nam,2.0,1.0,Giấy tờ khác
743,Quận Bình Tân,2250.0,57.0,Đông Nam,1.0,1.0,Đang chờ sổ
744,Quận Thủ Đức,1100.0,60.0,Không,2.0,2.0,Đang chờ sổ
745,Quận 12,2800.0,80.0,Nam,3.0,2.0,Giấy tờ khác
746,Quận Tân Phú,3150.0,106.0,Không,3.0,3.0,Đang chờ sổ
747,Quận Bình Thạnh,2650.0,61.0,Không,2.0,2.0,Đã có sổ
748,Quận 9,1899.0,59.4,Không,2.0,1.0,Đang chờ sổ
749,Quận 7,2500.0,77.0,Đông,2.0,1.0,Đã có sổ
750,Quận Phú Nhuận,4900.0,113.0,Không,3.0,2.0,Không
751,Quận 8,1820.0,65.0,Tây,2.0,1.0,Đang chờ sổ
752,Quận Tân Phú,3500.0,91.0,Không,3.0,2.0,Đang chờ sổ
753,Quận 2,2500.0,83.0,Đông Nam,2.0,2.0,Đã có sổ
754,Huyện Bình Chánh,1500.0,55.0,Không,2.0,2.0,Không
755,Quận 9,1400.0,58.0,Không,2.0,2.0,Đã có sổ
756,Quận Tân Phú,1900.0,60.0,Tây Nam,2.0,1.0,Đã có sổ
757,Quận 9,1400.0,58.0,Không,2.0,2.0,Không
758,Quận Tân Phú,2400.0,64.0,Không,2.0,1.0,Không
759,Quận Tân Bình,3320.0,57.0,Không,2.0,1.0,Đang chờ sổ
760,Quận 9,2140.0,59.0,Đông Bắc,2.0,1.0,Đang chờ sổ
761,Quận 9,2900.0,52.0,Đông Nam,1.0,1.0,Đang chờ sổ
762,Quận Tân Phú,3400.0,74.0,Không,2.0,2.0,Đang chờ sổ
763,Quận 2,6200.0,88.0,Không,2.0,1.0,Không
764,Quận Bình Tân,2200.0,56.0,Không,2.0,1.0,Đang chờ sổ
765,Quận 12,2100.0,58.0,Đông,2.0,2.0,Không
766,Quận Thủ Đức,3300.0,71.0,Không,2.0,2.0,Không
767,Quận Bình Tân,1350.0,49.4,Không,1.0,1.0,Đang chờ sổ
768,Quận 12,1980.0,83.0,Không,2.0,2.0,Đã có sổ
769,Huyện Bình Chánh,2250.0,56.0,Không,2.0,1.0,Đã có sổ
770,Huyện Bình Chánh,1150.0,64.0,Nam,2.0,2.0,Đang chờ sổ
771,Quận 9,1780.0,47.0,Đông Bắc,1.0,1.0,Giấy tờ khác
772,Quận 9,2000.0,67.0,Tây Nam,3.0,2.0,Đang chờ sổ
773,Quận 5,5600.0,126.0,Không,4.0,3.0,Đã có sổ
774,Quận Bình Thạnh,4300.0,54.0,Bắc,1.0,1.0,Đã có sổ
775,Huyện Bình Chánh,660.0,59.0,Không,2.0,2.0,Không
776,Quận 8,1430.0,60.0,Không,2.0,1.0,Không
777,Quận 9,1335.0,33.8,Tây,1.0,1.0,Đang chờ sổ
778,Quận Bình Thạnh,2800.0,53.0,Không,1.0,1.0,Đang chờ sổ
779,Quận Bình Thạnh,900.0,34.0,Không,1.0,1.0,Giấy tờ khác
780,Quận 8,2280.0,68.0,Không,2.0,2.0,Không
781,Quận 8,2100.0,70.0,Không,2.0,2.0,Không
782,Huyện Bình Chánh,2100.0,65.0,Không,2.0,1.0,Đang chờ sổ
783,Quận 4,3950.0,57.0,Đông Bắc,2.0,1.0,Đang chờ sổ
784,Quận 4,4650.0,74.0,Không,2.0,2.0,Đang chờ sổ
785,Quận 8,1550.0,50.0,Nam,1.0,1.0,Không
786,Quận Tân Phú,2570.0,66.0,Tây Nam,2.0,2.0,Không
787,Quận 7,2800.0,62.0,Đông Bắc,2.0,2.0,Đang chờ sổ
788,Quận 1,2550.0,40.0,Không,1.0,1.0,Đã có sổ
789,Quận 9,3100.0,54.0,Không,1.0,1.0,Đang chờ sổ
790,Huyện Bình Chánh,1820.0,58.0,Đông Bắc,2.0,2.0,Đang chờ sổ
791,Quận 8,2650.0,68.0,Không,2.0,2.0,Không
792,Quận Phú Nhuận,3970.0,70.0,Không,2.0,2.0,Không
793,Quận 9,2000.0,59.0,Tây,2.0,1.0,Đang chờ sổ
794,Quận 5,2250.0,36.0,Không,1.0,1.0,Đã có sổ
795,Quận 10,1800.0,35.0,Không,2.0,1.0,Giấy tờ khác
796,Quận 2,6450.0,98.0,Nam,3.0,2.0,Đã có sổ
797,Quận 2,4400.0,55.0,Không,1.0,1.0,Đang chờ sổ
798,Huyện Bình Chánh,990.0,55.0,Không,2.0,1.0,Đang chờ sổ
799,Quận 7,3500.0,76.5,Bắc,2.0,2.0,Đang chờ sổ
800,Quận 8,1550.0,51.16,Không,2.0,1.0,Không
801,Quận 8,2050.0,78.91,Không,3.0,2.0,Giấy tờ khác
802,Quận 8,1800.0,54.0,Không,2.0,1.0,Không
803,Quận Gò Vấp,2100.0,76.0,Bắc,2.0,2.0,Đang chờ sổ
804,Quận 6,2100.0,61.0,Không,2.0,1.0,Không
805,Quận Bình Tân,2600.0,75.0,Không,2.0,2.0,Không
806,Quận 10,2020.0,45.0,Không,2.0,1.0,Không
807,Huyện Bình Chánh,2600.0,58.0,Không,2.0,1.0,Không
808,Quận 8,1663.0,61.75,Không,2.0,2.0,Giấy tờ khác
809,Quận 2,9100.0,93.0,Không,2.0,2.0,Đang chờ sổ
810,Quận Gò Vấp,2650.0,68.0,Đông,2.0,2.0,Đã có sổ
811,Quận Bình Tân,2220.0,56.0,Không,2.0,2.0,Đang chờ sổ
812,Quận Bình Thạnh,2000.0,45.0,Tây Nam,1.0,1.0,Đã có sổ
813,Quận 9,1750.0,51.0,Không,2.0,1.0,Đang chờ sổ
814,Quận 12,2100.0,73.0,Không,2.0,2.0,Không
815,Quận 7,2280.0,57.1,Nam,2.0,1.0,Đang chờ sổ
816,Quận 12,1700.0,65.0,Không,2.0,2.0,Không
817,Quận Bình Tân,1450.0,60.0,Không,2.0,1.0,Đã có sổ
818,Huyện Bình Chánh,2900.0,78.0,Không,2.0,2.0,Đang chờ sổ
819,Quận Bình Tân,2000.0,68.0,Không,2.0,2.0,Đang chờ sổ
820,Huyện Bình Chánh,2750.0,72.0,Không,2.0,2.0,Đã có sổ
821,Quận Bình Tân,600.0,37.5,Không,1.0,1.0,Giấy tờ khác
822,Huyện Bình Chánh,2500.0,92.0,Đông,2.0,2.0,Đã có sổ
823,Quận Tân Phú,2999.0,78.0,Không,2.0,2.0,Đã có sổ
824,Quận 7,5300.0,95.0,Bắc,3.0,2.0,Đang chờ sổ
825,Quận Tân Phú,2550.0,53.0,Không,2.0,1.0,Đang chờ sổ
826,Quận Thủ Đức,1100.0,47.0,Không,1.0,2.0,Giấy tờ khác
827,Quận Tân Phú,2000.0,63.0,Bắc,2.0,2.0,Đã có sổ
828,Quận 9,500.0,40.0,Không,2.0,1.0,Đang chờ sổ
829,Quận 8,1850.0,70.0,Đông Bắc,2.0,2.0,Đang chờ sổ
830,Quận 9,2350.0,67.0,Không,2.0,2.0,Đang chờ sổ
831,Quận 6,3600.0,79.0,Tây,2.0,2.0,Đang chờ sổ
832,Quận Bình Tân,2520.0,68.0,Nam,2.0,2.0,Đã có sổ
833,Quận 2,1900.0,45.0,Không,1.0,1.0,Không
834,Quận Thủ Đức,2490.0,72.0,Không,2.0,2.0,Không
835,Quận 6,2650.0,120.0,Không,3.0,2.0,Đã có sổ
836,Quận Thủ Đức,1640.0,60.5,Không,2.0,2.0,Không
837,Quận 8,1645.0,61.75,Không,2.0,2.0,Giấy tờ khác
838,Quận 11,2450.0,70.0,Tây,2.0,2.0,Đã có sổ
839,Quận 7,1100.0,40.0,Không,1.0,1.0,Giấy tờ khác
840,Quận Thủ Đức,2130.0,56.0,Không,2.0,2.0,Đã có sổ
841,Huyện Nhà Bè,2650.0,71.0,Không,2.0,2.0,Đang chờ sổ
842,Quận 6,2200.0,72.0,Không,2.0,2.0,Không
843,Quận 7,2600.0,70.0,Không,2.0,2.0,Đang chờ sổ
844,Quận 2,2650.0,57.0,Không,2.0,2.0,Đã có sổ
845,Quận 7,3200.0,68.22,Tây Bắc,2.0,2.0,Đang chờ sổ
846,Quận Phú Nhuận,8580.0,109.0,Không,3.0,2.0,Đang chờ sổ
847,Quận 6,2100.0,61.0,Đông,2.0,1.0,Đang chờ sổ
848,Quận Tân Phú,1980.0,55.0,Không,2.0,1.0,Đang chờ sổ
849,Quận Tân Bình,1050.0,34.0,Không,2.0,1.0,Giấy tờ khác
850,Quận 7,3200.0,68.22,Đông Nam,2.0,2.0,Đang chờ sổ
851,Quận 9,760.0,73.0,Không,2.0,2.0,Giấy tờ khác
852,Quận Gò Vấp,1650.0,50.0,Không,2.0,2.0,Đã có sổ
853,Quận 2,3450.0,102.0,Không,2.0,2.0,Đang chờ sổ
854,Quận Tân Phú,3070.0,88.0,Nam,3.0,2.0,Đang chờ sổ
855,Quận 7,2100.0,38.0,Không,1.0,1.0,Đang chờ sổ
856,Quận 12,1700.0,65.0,Không,2.0,2.0,Không
857,Quận Bình Thạnh,2650.0,50.0,Bắc,2.0,2.0,Đã có sổ
858,Quận 3,3000.0,26.0,Không,2.0,2.0,Đã có sổ
859,Quận Bình Thạnh,3500.0,60.0,Đông,2.0,1.0,Không
860,Huyện Bình Chánh,1080.0,50.0,Không,2.0,2.0,Giấy tờ khác
861,Quận 8,2795.0,85.0,Đông Bắc,3.0,2.0,Đang chờ sổ
862,Quận 7,3600.0,100.0,Không,3.0,2.0,Đã có sổ
863,Quận 2,3160.0,85.0,Bắc,3.0,3.0,Đang chờ sổ
864,Quận Thủ Đức,1650.0,57.4,Đông Nam,2.0,2.0,Không
865,Quận Thủ Đức,200.0,65.0,Không,2.0,1.0,Không
866,Quận 9,1385.0,59.0,Tây,2.0,1.0,Giấy tờ khác
867,Quận 9,2890.0,75.0,Không,2.0,2.0,Đã có sổ
868,Quận Tân Phú,3990.0,84.0,Không,2.0,2.0,Đang chờ sổ
869,Quận 9,1900.0,87.0,Không,3.0,2.0,Không
870,Quận Thủ Đức,1770.0,71.0,Không,2.0,2.0,Không
871,Quận 1,11000.0,80.0,Không,2.0,2.0,Không
872,Quận 7,2250.0,66.0,Nam,2.0,2.0,Đang chờ sổ
873,Quận 5,1950.0,68.0,Đông Nam,7.0,2.0,Đã có sổ
874,Quận 10,6600.0,72.0,Đông Bắc,2.0,2.0,Đang chờ sổ
875,Quận 2,2100.0,60.0,Đông Bắc,2.0,1.0,Đã có sổ
876,Quận Tân Phú,4200.0,85.0,Không,2.0,2.0,Đang chờ sổ
877,Quận Phú Nhuận,5070.0,84.61,Không,3.0,2.0,Không
878,Quận 2,5200.0,112.0,Không,2.0,2.0,Đã có sổ
879,Quận Bình Thạnh,2600.0,61.5,Không,2.0,1.0,Đã có sổ
880,Quận 6,2080.0,60.0,Đông,2.0,2.0,Đã có sổ
881,Quận Thủ Đức,1790.0,60.0,Đông Nam,2.0,2.0,Đang chờ sổ
882,Quận Thủ Đức,2300.0,61.0,Đông Nam,2.0,1.0,Đang chờ sổ
883,Quận Thủ Đức,2550.0,69.0,Đông Nam,2.0,2.0,Đang chờ sổ
884,Quận 8,2050.0,79.0,Không,3.0,2.0,Không
885,Huyện Bình Chánh,450.0,69.0,Không,2.0,2.0,Không
886,Quận 8,1900.0,68.0,Đông,2.0,2.0,Đang chờ sổ
887,Quận 9,200.0,75.0,Không,2.0,2.0,Không
888,Quận 8,1500.0,56.0,Không,2.0,2.0,Đã có sổ
889,Huyện Bình Chánh,1550.0,57.5,Không,2.0,1.0,Đã có sổ
890,Quận 2,5500.0,98.0,Không,3.0,2.0,Không
891,Quận 2,4100.0,70.0,Không,2.0,2.0,Không
892,Quận 9,3300.0,52.0,Không,1.0,1.0,Giấy tờ khác
893,Quận 9,2020.0,65.0,Không,2.0,2.0,Đã có sổ
894,Quận 12,1800.0,50.0,Không,2.0,2.0,Không
895,Quận 2,3150.0,50.0,Không,1.0,1.0,Không
896,Huyện Bình Chánh,700.0,59.0,Tây Bắc,2.0,2.0,Giấy tờ khác
897,Quận 7,2400.0,80.0,Không,2.0,2.0,Đã có sổ
898,Quận Bình Tân,1550.0,64.0,Không,2.0,2.0,Đang chờ sổ
899,Quận Thủ Đức,2100.0,73.5,Không,2.0,2.0,Đã có sổ
900,Quận Thủ Đức,1500.0,56.0,Không,2.0,2.0,Không
901,Quận 8,2650.0,78.88,Tây Nam,2.0,2.0,Đang chờ sổ
902,Quận 7,3400.0,68.23,Nam,2.0,2.0,Đang chờ sổ
903,Quận Thủ Đức,2750.0,67.0,Không,2.0,2.0,Không
904,Quận Tân Bình,950.0,40.0,Không,1.0,1.0,Đã có sổ
905,Quận Tân Phú,1700.0,52.0,Không,2.0,2.0,Đã có sổ
906,Quận 9,1759.0,51.0,Không,1.0,1.0,Đang chờ sổ
907,Quận 2,2000.0,60.1,Không,2.0,1.0,Đã có sổ
908,Quận 7,2400.0,73.0,Không,2.0,1.0,Không
909,Quận 12,1699.0,74.0,Bắc,2.0,2.0,Đã có sổ
910,Quận Tân Phú,2450.0,53.2,Không,2.0,1.0,Đang chờ sổ
911,Quận 8,2500.0,80.0,Không,2.0,2.0,Đã có sổ
912,Huyện Bình Chánh,2270.0,56.0,Không,2.0,1.0,Đang chờ sổ
913,Quận 10,7790.0,101.0,Không,3.0,2.0,Không
914,Quận 2,4000.0,75.0,Không,2.0,2.0,Không
915,Quận 9,2150.0,58.1,Không,2.0,2.0,Đã có sổ
916,Huyện Nhà Bè,2400.0,106.0,Đông,3.0,2.0,Đang chờ sổ
917,Quận 12,1900.0,65.0,Không,2.0,2.0,Không
918,Quận Gò Vấp,3900.0,77.0,Bắc,2.0,2.0,Đã có sổ
919,Quận Tân Phú,2700.0,71.0,Tây,2.0,2.0,Giấy tờ khác
920,Quận 2,1150.0,41.0,Không,1.0,1.0,Đã có sổ
921,Quận 8,2000.0,60.0,Không,2.0,1.0,Không
922,Quận 7,3500.0,73.39,Nam,2.0,2.0,Đang chờ sổ
923,Huyện Bình Chánh,500.0,84.0,Không,3.0,3.0,Giấy tờ khác
924,Quận Tân Phú,3750.0,84.0,Không,2.0,2.0,Không
925,Quận Tân Phú,2180.0,75.0,Không,2.0,2.0,Đã có sổ
926,Quận Bình Tân,2150.0,56.0,Bắc,2.0,1.0,Không
927,Quận Tân Phú,4700.0,127.0,Không,3.0,3.0,Không
928,Quận 9,2400.0,70.0,Tây Bắc,2.0,2.0,Đang chờ sổ
929,Quận Thủ Đức,1650.0,60.0,Đông Bắc,2.0,2.0,Giấy tờ khác
930,Quận 8,1292.0,62.37,Không,2.0,2.0,Không
931,Quận Tân Phú,3900.0,91.0,Đông Bắc,3.0,2.0,Giấy tờ khác
932,Quận 9,2000.0,86.0,Không,3.0,2.0,Không
933,Quận 7,3000.0,58.87,Nam,2.0,1.0,Đã có sổ
934,Quận Bình Tân,2250.0,81.0,Bắc,3.0,2.0,Đã có sổ
935,Quận 7,2950.0,75.06,Không,2.0,2.0,Không
936,Quận Bình Tân,2400.0,83.0,Đông Bắc,2.0,2.0,Đang chờ sổ
937,Quận 1,24000.0,121.0,Đông Bắc,3.0,2.0,Đang chờ sổ
938,Quận 3,3200.0,70.0,Không,2.0,1.0,Không
939,Quận 9,1600.0,58.0,Không,2.0,2.0,Không
940,Quận 7,2400.0,92.0,Đông Nam,2.0,2.0,Đã có sổ
941,Quận 9,2000.0,65.0,Không,2.0,2.0,Đang chờ sổ
942,Quận 8,1890.0,52.0,Không,1.0,1.0,Giấy tờ khác
943,Quận 10,5100.0,75.0,Không,2.0,2.0,Đang chờ sổ
944,Quận Thủ Đức,1850.0,57.0,Tây Nam,2.0,2.0,Đã có sổ
945,Quận 11,5900.0,116.0,Không,3.0,2.0,Đã có sổ
946,Quận 9,2500.0,69.2,Đông Nam,2.0,2.0,Giấy tờ khác
947,Quận 2,2950.0,94.52,Nam,2.0,2.0,Đang chờ sổ
948,Huyện Bình Chánh,1750.0,54.0,Tây,2.0,1.0,Đang chờ sổ
949,Quận Bình Thạnh,1950.0,46.0,Không,1.0,1.0,Đã có sổ
950,Quận Gò Vấp,2650.0,75.0,Đông Nam,2.0,2.0,Đã có sổ
951,Quận Bình Tân,2580.0,75.0,Đông,2.0,2.0,Đang chờ sổ
952,Quận 2,4300.0,75.0,Tây Bắc,2.0,2.0,Giấy tờ khác
953,Quận Bình Tân,530.0,33.9,Không,1.0,1.0,Không
954,Quận 10,5100.0,73.0,Không,2.0,2.0,Đang chờ sổ
955,Quận 7,5700.0,110.0,Không,3.0,2.0,Đã có sổ
956,Quận 2,3100.0,102.0,Nam,3.0,2.0,Không
957,Quận Thủ Đức,1650.0,52.0,Không,2.0,1.0,Đã có sổ
958,Quận 4,3950.0,83.0,Không,2.0,2.0,Đã có sổ
959,Quận 2,4000.0,63.0,Tây Bắc,2.0,2.0,Đã có sổ
960,Quận 9,1750.0,47.3,Không,1.0,1.0,Đang chờ sổ
961,Quận 8,1313.0,56.0,Không,2.0,2.0,Không
962,Quận 12,2600.0,78.0,Tây,2.0,2.0,Đã có sổ
963,Quận 12,1500.0,58.0,Không,2.0,2.0,Không
964,Quận Bình Thạnh,3900.0,105.0,Tây Bắc,3.0,2.0,Đã có sổ
965,Quận 2,3550.0,88.0,Không,3.0,2.0,Đã có sổ
966,Quận 8,2690.0,82.0,Không,2.0,2.0,Không
967,Quận 9,2170.0,59.0,Không,2.0,1.0,Không
968,Quận 4,6350.0,112.0,Tây Nam,3.0,2.0,Đã có sổ
969,Quận 9,1450.0,100.0,Không,2.0,1.0,Đã có sổ
970,Quận 2,2856.8,72.0,Không,2.0,2.0,Không
971,Quận Tân Phú,2350.0,65.0,Không,2.0,1.0,Đã có sổ
972,Quận Tân Phú,1400.0,70.0,Không,2.0,2.0,Đang chờ sổ
973,Quận Thủ Đức,2550.0,68.0,Không,2.0,2.0,Không
974,Quận 10,4650.0,70.0,Không,2.0,2.0,Đang chờ sổ
975,Huyện Nhà Bè,3400.0,70.0,Không,2.0,2.0,Không
976,Quận 2,5300.0,109.0,Không,3.0,2.0,Không
977,Quận 12,1650.0,69.0,Không,3.0,2.0,Đang chờ sổ
978,Quận 7,3650.0,76.0,Không,2.0,2.0,Đã có sổ
979,Quận Bình Tân,530.0,34.0,Không,1.0,1.0,Giấy tờ khác
980,Quận 7,2500.0,69.0,Không,2.0,2.0,Đang chờ sổ
981,Quận Thủ Đức,1800.0,56.0,Không,1.0,1.0,Giấy tờ khác
982,Quận 8,1980.0,73.0,Không,2.0,2.0,Đang chờ sổ
983,Quận 9,3300.0,54.0,Không,1.0,1.0,Đang chờ sổ
984,Quận 2,1800.0,61.0,Tây Bắc,2.0,1.0,Đang chờ sổ
985,Quận Bình Tân,1550.0,52.7,Không,2.0,1.0,Đang chờ sổ
986,Quận Thủ Đức,1500.0,56.0,Không,2.0,2.0,Đang chờ sổ
987,Quận Phú Nhuận,5600.0,85.0,Không,3.0,2.0,Giấy tờ khác
988,Quận 2,1200.0,75.0,Không,2.0,2.0,Đang chờ sổ
989,Quận 1,128.45,123.0,Không,1.0,1.0,Không
990,Quận 2,2250.0,62.0,Không,2.0,1.0,Không
991,Quận Bình Thạnh,2350.0,55.0,Tây,1.0,1.0,Đã có sổ
992,Quận 12,750.0,49.0,Không,1.0,1.0,Đang chờ sổ
993,Quận 8,2000.0,55.0,Không,2.0,1.0,Không
994,Quận Thủ Đức,1550.0,53.0,Không,2.0,1.0,Đang chờ sổ
995,Quận 8,2900.0,85.0,Đông,3.0,2.0,Đang chờ sổ
996,Quận Thủ Đức,2550.0,68.0,Không,2.0,2.0,Không
997,Quận 9,2150.0,58.1,Không,2.0,2.0,Đang chờ sổ
998,Quận 9,2419.0,69.2,Không,2.0,2.0,Không
999,Quận 9,1800.0,47.0,Tây Bắc,1.0,1.0,Đang chờ sổ
1000,Quận Gò Vấp,900.0,30.0,Không,1.0,1.0,Đã có sổ
1001,Quận 7,3500.0,106.0,Tây,2.0,2.0,Không
1002,Quận 8,1700.0,45.0,Không,1.0,1.0,Không
1003,Quận 9,2350.0,72.0,Không,2.0,2.0,Đang chờ sổ
1004,Huyện Nhà Bè,3900.0,250.0,Không,5.0,3.0,Không
1005,Huyện Bình Chánh,1650.0,50.0,Không,1.0,1.0,Đang chờ sổ
1006,Quận Phú Nhuận,6900.0,109.0,Không,3.0,2.0,Không
1007,Quận Bình Thạnh,2800.0,73.0,Không,2.0,2.0,Đã có sổ
1008,Quận 7,3200.0,85.0,Nam,3.0,2.0,Đã có sổ
1009,Quận Bình Tân,2900.0,78.0,Không,2.0,2.0,Giấy tờ khác
1010,Quận Tân Phú,3500.0,71.0,Không,2.0,2.0,Không
1011,Quận 7,2800.0,75.0,Không,2.0,2.0,Không
1012,Quận 2,3500.0,73.0,Không,2.0,1.0,Không
1013,Quận Tân Phú,4300.0,72.0,Không,2.0,2.0,Không
1014,Quận 3,7800.0,75.29,Không,2.0,1.0,Không
1015,Quận 4,1620.0,66.0,Không,2.0,2.0,Đã có sổ
1016,Quận Thủ Đức,1700.0,57.9,Đông Nam,2.0,2.0,Đang chờ sổ
1017,Quận 9,1450.0,50.0,Không,2.0,1.0,Đang chờ sổ
1018,Quận 2,5250.0,109.0,Không,3.0,2.0,Đang chờ sổ
1019,Quận Tân Bình,4150.0,73.0,Không,2.0,2.0,Không
1020,Quận 8,1600.0,71.0,Tây Nam,2.0,1.0,Đã có sổ
1021,Quận 11,1250.0,70.0,Không,2.0,2.0,Đã có sổ
1022,Quận 8,1650.0,45.0,Không,1.0,1.0,Đang chờ sổ
1023,Quận 8,2200.0,68.0,Không,2.0,2.0,Đã có sổ
1024,Quận Thủ Đức,1600.0,51.0,Không,1.0,1.0,Không
1025,Quận 7,3700.0,76.0,Không,2.0,2.0,Giấy tờ khác
1026,Quận Bình Tân,800.0,30.0,Không,1.0,1.0,Giấy tờ khác
1027,Quận Tân Phú,2450.0,67.0,Không,2.0,2.0,Đã có sổ
1028,Quận 12,2250.0,65.0,Không,2.0,2.0,Không
1029,Quận 8,1698.0,66.45,Không,2.0,2.0,Không
1030,Huyện Bình Chánh,3100.0,82.0,Tây Bắc,2.0,2.0,Đang chờ sổ
1031,Huyện Bình Chánh,990.0,55.0,Không,2.0,2.0,Đang chờ sổ
1032,Huyện Bình Chánh,2700.0,72.0,Không,2.0,1.0,Đang chờ sổ
1033,Huyện Bình Chánh,2000.0,65.0,Không,2.0,2.0,Đã có sổ
1034,Quận 9,2500.0,69.0,Đông Nam,2.0,2.0,Đang chờ sổ
1035,Quận Tân Phú,5350.0,96.0,Không,2.0,2.0,Giấy tờ khác
1036,Quận 7,2350.0,88.0,Không,2.0,2.0,Đã có sổ
1037,Quận 4,1450.0,65.0,Không,2.0,2.0,Đã có sổ
1038,Quận 12,1280.0,50.0,Không,2.0,2.0,Đã có sổ
1039,Quận 8,2600.0,82.0,Không,2.0,2.0,Giấy tờ khác
1040,Quận 7,999.0,41.0,Không,1.0,1.0,Không
1041,Quận 4,2900.0,76.0,Không,2.0,1.0,Đã có sổ
1042,Quận Tân Phú,2450.0,67.0,Không,2.0,1.0,Đang chờ sổ
1043,Quận 4,6800.0,92.14,Không,3.0,2.0,Đã có sổ
1044,Quận 10,4870.0,73.0,Không,2.0,2.0,Đang chờ sổ
1045,Quận Gò Vấp,2000.0,53.0,Đông Bắc,1.0,1.0,Không
1046,Quận Phú Nhuận,5490.0,88.0,Không,3.0,2.0,Không
1047,Quận Tân Phú,2815.0,66.0,Không,2.0,2.0,Không
1048,Quận 7,2200.0,62.0,Không,2.0,2.0,Đã có sổ
1049,Quận 7,3470.0,65.0,Không,2.0,2.0,Đang chờ sổ
1050,Quận 7,2919.0,52.0,Không,2.0,1.0,Đang chờ sổ
1051,Quận 7,3145.0,89.0,Đông,3.0,2.0,Đã có sổ
1052,Quận 3,1780.0,79.0,Nam,3.0,3.0,Đã có sổ
1053,Quận Tân Phú,2100.0,76.0,Không,2.0,2.0,Không
1054,Quận 8,1450.0,62.0,Không,2.0,2.0,Không
1055,Quận 9,2000.0,59.0,Không,2.0,1.0,Đang chờ sổ
1056,Quận Gò Vấp,2000.0,73.0,Đông Nam,2.0,2.0,Đã có sổ
1057,Quận 2,4050.0,76.0,Đông Bắc,2.0,2.0,Không
1058,Quận 9,1600.0,58.0,Không,2.0,2.0,Không
1059,Huyện Nhà Bè,1600.0,52.0,Không,2.0,1.0,Không
1060,Huyện Bình Chánh,1450.0,60.0,Không,2.0,2.0,Đang chờ sổ
1061,Huyện Nhà Bè,2350.0,67.0,Đông Bắc,2.0,2.0,Đã có sổ
1062,Quận 8,1560.0,55.0,Không,2.0,2.0,Đã có sổ
1063,Quận 7,3180.0,88.0,Không,3.0,2.0,Đã có sổ
1064,Quận Tân Phú,2700.0,70.0,Không,2.0,2.0,Đang chờ sổ
1065,Quận 8,3000.0,68.0,Đông Bắc,2.0,2.0,Đã có sổ
1066,Quận 7,4600.0,96.0,Không,2.0,2.0,Đã có sổ
1067,Quận Bình Thạnh,3480.0,90.0,Không,3.0,2.0,Đã có sổ
1068,Quận 7,3000.0,78.0,Không,2.0,2.0,Đã có sổ
1069,Quận Tân Phú,2350.0,75.0,Không,2.0,2.0,Đã có sổ
1070,Quận 12,2900.0,79.0,Không,3.0,2.0,Đã có sổ
1071,Quận Bình Tân,2100.0,50.0,Không,2.0,1.0,Không
1072,Quận 2,2740.0,49.0,Không,1.0,1.0,Đang chờ sổ
1073,Huyện Nhà Bè,1750.0,75.0,Không,2.0,2.0,Đã có sổ
1074,Huyện Nhà Bè,1680.0,76.0,Không,2.0,2.0,Đã có sổ
1075,Quận 2,4600.0,75.0,Không,2.0,2.0,Đã có sổ
1076,Quận 2,2500.0,51.14,Không,1.0,1.0,Đang chờ sổ
1077,Quận 7,2090.0,68.0,Không,2.0,2.0,Đang chờ sổ
1078,Quận Tân Bình,1550.0,43.0,Không,2.0,1.0,Đã có sổ
1079,Huyện Nhà Bè,1750.0,60.0,Không,2.0,1.0,Không
1080,Quận 8,850.0,55.0,Không,2.0,2.0,Không
1081,Quận 7,1660.0,38.0,Bắc,1.0,1.0,Đang chờ sổ
1082,Quận Thủ Đức,3950.0,87.52,Đông Bắc,3.0,2.0,Đang chờ sổ
1083,Quận 7,1880.0,55.0,Không,1.0,1.0,Đang chờ sổ
1084,Quận Tân Phú,3280.0,71.0,Không,2.0,2.0,Không
1085,Quận 7,5000.0,130.0,Không,3.0,2.0,Đã có sổ
1086,Quận 7,3900.0,76.0,Không,2.0,2.0,Không
1087,Quận Tân Phú,3000.0,88.0,Không,3.0,2.0,Đang chờ sổ
1088,Quận 4,3550.0,67.0,Không,2.0,2.0,Không
1089,Quận 7,1950.0,90.0,Tây Bắc,2.0,2.0,Đang chờ sổ
1090,Quận 7,1700.0,38.3,Không,1.0,1.0,Đang chờ sổ
1091,Quận 7,1950.0,73.0,Không,2.0,2.0,Không
1092,Quận Thủ Đức,1945.0,51.0,Không,1.0,1.0,Không
1093,Quận 2,3800.0,70.0,Không,2.0,2.0,Đã có sổ
1094,Quận 3,2050.0,30.0,Không,1.0,1.0,Đã có sổ
1095,Quận Thủ Đức,3420.0,71.84,Không,2.0,2.0,Đang chờ sổ
1096,Quận Thủ Đức,1550.0,59.0,Nam,2.0,2.0,Đã có sổ
1097,Quận 8,1550.0,51.0,Không,1.0,1.0,Đang chờ sổ
1098,Quận Thủ Đức,2800.0,67.0,Không,2.0,2.0,Không
1099,Quận 8,2350.0,60.0,Không,2.0,1.0,Không
1100,Quận 9,1990.0,59.0,Không,2.0,1.0,Không
1101,Quận 2,5200.0,108.0,Không,2.0,2.0,Không
1102,Quận 9,1710.0,47.2,Không,2.0,1.0,Không
1103,Quận Thủ Đức,1600.0,60.0,Không,2.0,2.0,Không
1104,Quận 12,1550.0,58.0,Không,2.0,2.0,Không
1105,Huyện Bình Chánh,2550.0,72.0,Tây,2.0,2.0,Đang chờ sổ
1106,Quận Thủ Đức,2600.0,68.0,Không,2.0,2.0,Không
1107,Quận 2,6200.0,88.0,Không,2.0,2.0,Đang chờ sổ
1108,Quận 7,4000.0,78.0,Tây,2.0,2.0,Đã có sổ
1109,Quận 7,2160.0,58.0,Không,2.0,1.0,Không
1110,Quận 9,2050.0,59.0,Không,2.0,1.0,Đang chờ sổ
1111,Quận 8,2900.0,75.0,Không,2.0,2.0,Đang chờ sổ
1112,Huyện Nhà Bè,2200.0,120.0,Không,3.0,3.0,Đã có sổ
1113,Quận Bình Thạnh,4700.0,90.0,Không,2.0,2.0,Đã có sổ
1114,Quận 9,500.0,45.0,Không,1.0,1.0,Đã có sổ
1115,Quận Thủ Đức,1470.0,50.0,Không,2.0,2.0,Đã có sổ
1116,Quận 7,2280.0,79.0,Đông Nam,2.0,2.0,Giấy tờ khác
1117,Quận 2,1279.0,59.0,Không,2.0,2.0,Đang chờ sổ
1118,Quận Thủ Đức,2350.0,73.5,Tây Bắc,2.0,2.0,Đã có sổ
1119,Quận 8,2600.0,105.0,Không,2.0,2.0,Đã có sổ
1120,Quận 4,3350.0,80.0,Không,2.0,2.0,Đã có sổ
1121,Quận 9,2050.0,60.0,Không,2.0,1.0,Đang chờ sổ
1122,Quận 2,3200.0,64.0,Không,2.0,2.0,Đã có sổ
1123,Huyện Bình Chánh,206.0,76.0,Không,2.0,2.0,Không
1124,Quận 9,2700.0,59.0,Không,2.0,1.0,Đang chờ sổ
1125,Quận 12,1150.0,43.0,Tây,2.0,1.0,Không
1126,Quận Tân Phú,2450.0,86.0,Không,3.0,2.0,Đã có sổ
1127,Quận 7,4700.0,104.0,Không,3.0,2.0,Giấy tờ khác
1128,Quận Bình Tân,1160.0,69.0,Đông Nam,2.0,2.0,Giấy tờ khác
1129,Quận 9,2550.0,67.0,Không,2.0,2.0,Đã có sổ
1130,Quận 12,1800.0,65.0,Không,2.0,2.0,Không
1131,Huyện Bình Chánh,1450.0,63.5,Tây Bắc,2.0,1.0,Đang chờ sổ
1132,Quận Tân Bình,4100.0,95.0,Không,2.0,2.0,Đã có sổ
1133,Quận Bình Tân,1750.0,64.0,Không,2.0,2.0,Đã có sổ
1134,Quận 8,1600.0,50.0,Không,1.0,1.0,Đang chờ sổ
1135,Quận 9,1134.0,47.0,Không,1.0,1.0,Không
1136,Quận 9,1930.0,67.0,Tây Nam,2.0,2.0,Đã có sổ
1137,Quận 9,1630.0,40.0,Không,1.0,1.0,Không
1138,Quận Thủ Đức,2400.0,85.0,Tây Bắc,2.0,2.0,Đã có sổ
1139,Quận 9,699.0,75.0,Không,2.0,2.0,Giấy tờ khác
1140,Quận 5,3500.0,114.0,Bắc,3.0,2.0,Đã có sổ
1141,Huyện Nhà Bè,2300.0,99.0,Không,2.0,2.0,Đã có sổ
1142,Quận Thủ Đức,1890.0,50.0,Tây Bắc,2.0,1.0,Đã có sổ
1143,Quận Thủ Đức,2300.0,65.0,Đông Nam,2.0,1.0,Đã có sổ
1144,Quận Thủ Đức,2050.0,63.0,Tây Bắc,2.0,2.0,Đã có sổ
1145,Quận 8,2130.0,73.0,Không,2.0,2.0,Không
1146,Quận 10,4450.0,70.0,Không,2.0,2.0,Đã có sổ
1147,Quận 8,2330.0,73.0,Nam,2.0,2.0,Đang chờ sổ
1148,Quận Tân Phú,1380.0,45.0,Không,1.0,1.0,Không
1149,Quận Bình Thạnh,3600.0,64.5,Không,2.0,2.0,Đã có sổ
1150,Quận 4,6200.0,117.0,Không,3.0,3.0,Đang chờ sổ
1151,Quận 9,1400.0,58.0,Không,2.0,2.0,Không
1152,Quận 9,1800.0,64.0,Không,2.0,2.0,Không
1153,Quận 7,3250.0,80.0,Tây Nam,2.0,2.0,Đang chờ sổ
1154,Quận 9,1225.00578,47.0,Không,2.0,1.0,Đang chờ sổ
1155,Huyện Bình Chánh,2360.0,65.0,Không,2.0,2.0,Đang chờ sổ
1156,Quận 2,6500.0,74.0,Không,2.0,2.0,Không
1157,Quận 2,5200.0,154.0,Đông,3.0,2.0,Không
1158,Quận 7,2050.0,38.0,Đông,1.0,1.0,Không
1159,Quận Bình Tân,1830.0,53.0,Không,1.0,1.0,Đang chờ sổ
1160,Quận 9,2760.0,69.0,Tây Bắc,2.0,2.0,Đang chờ sổ
1161,Quận Tân Phú,3280.0,94.0,Không,3.0,2.0,Đang chờ sổ
1162,Quận 7,1100.0,40.0,Không,1.0,1.0,Không
1163,Quận 6,1400.0,48.0,Đông,1.0,1.0,Đã có sổ
1164,Quận 8,2893.0,79.0,Không,2.0,2.0,Đã có sổ
1165,Quận 8,3600.0,90.0,Không,3.0,2.0,Không
1166,Quận Tân Phú,3050.0,63.0,Đông,2.0,1.0,Đã có sổ
1167,Huyện Nhà Bè,2800.0,70.0,Không,2.0,2.0,Không
1168,Quận 6,1850.0,61.0,Không,2.0,1.0,Đang chờ sổ
1169,Huyện Nhà Bè,3050.0,70.0,Đông,2.0,2.0,Đang chờ sổ
1170,Quận 2,8550.0,100.0,Đông Nam,2.0,2.0,Đã có sổ
1171,Quận 2,6600.0,64.0,Tây Nam,1.0,1.0,Đang chờ sổ
1172,Quận 2,2200.0,81.0,Không,2.0,2.0,Đã có sổ
1173,Quận Tân Phú,3900.0,92.0,Không,3.0,2.0,Đã có sổ
1174,Quận 2,2200.0,72.0,Không,3.0,1.0,Không
1175,Quận 1,4300.0,90.0,Đông Bắc,2.0,2.0,Đã có sổ
1176,Quận 9,1520.0,62.0,Không,2.0,1.0,Không
1177,Quận 8,2400.0,60.0,Không,2.0,1.0,Đã có sổ
1178,Quận 7,1300.0,38.0,Không,1.0,1.0,Đã có sổ
1179,Quận 8,1650.0,52.0,Không,1.0,1.0,Không
1180,Quận 2,7550.0,88.0,Không,2.0,2.0,Đã có sổ
1181,Quận Tân Phú,4900.0,97.0,Tây Bắc,2.0,2.0,Giấy tờ khác
1182,Quận 2,1950.0,75.0,Đông Bắc,2.0,2.0,Đã có sổ
1183,Quận 7,3700.0,65.0,Không,2.0,1.0,Đang chờ sổ
1184,Quận 9,2000.0,59.0,Không,2.0,1.0,Không
1185,Quận Phú Nhuận,1850.0,42.0,Không,1.0,1.0,Đã có sổ
1186,Quận Tân Phú,3280.0,86.0,Không,3.0,2.0,Đang chờ sổ
1187,Quận 2,3100.0,56.0,Không,2.0,2.0,Đã có sổ
1188,Quận 7,2590.0,70.0,Bắc,2.0,2.0,Đã có sổ
1189,Quận Bình Thạnh,7000.0,92.0,Không,2.0,1.0,Không
1190,Quận Tân Bình,950.0,38.0,Không,1.0,1.0,Đang chờ sổ
1191,Huyện Bình Chánh,2200.0,59.0,Không,2.0,2.0,Giấy tờ khác
1192,Quận Tân Phú,3450.0,91.0,Không,3.0,2.0,Không
1193,Quận Tân Phú,2750.0,90.0,Nam,3.0,2.0,Không
1194,Quận 7,2550.0,161.0,Không,4.0,4.0,Giấy tờ khác
1195,Huyện Nhà Bè,2880.0,71.0,Tây,2.0,2.0,Đang chờ sổ
1196,Quận 9,2450.0,98.0,Không,3.0,2.0,Đã có sổ
1197,Quận 9,1750.0,54.0,Không,1.0,1.0,Đã có sổ
1198,Quận 4,4550.0,90.0,Không,3.0,2.0,Giấy tờ khác
1199,Quận Tân Bình,3780.0,74.0,Không,2.0,2.0,Không
1200,Quận Bình Tân,2300.0,86.0,Tây Bắc,3.0,2.0,Không
1201,Quận 7,5000.0,129.0,Không,3.0,2.0,Đã có sổ
1202,Quận Tân Phú,2750.0,53.0,Tây Nam,1.0,1.0,Không
1203,Quận 9,1720.0,47.0,Tây Bắc,1.0,1.0,Giấy tờ khác
1204,Quận 3,1300.0,25.0,Không,1.0,1.0,Không
1205,Quận 7,2050.0,54.0,Đông Bắc,2.0,2.0,Đã có sổ
1206,Quận 9,1710.0,46.9,Đông Nam,1.0,1.0,Đang chờ sổ
1207,Quận 2,4450.0,71.6,Đông Nam,2.0,2.0,Không
1208,Quận 7,2300.0,55.0,Không,2.0,1.0,Đang chờ sổ
1209,Quận Tân Phú,2970.0,60.0,Không,2.0,2.0,Đang chờ sổ
1210,Quận 6,2890.0,120.0,Không,3.0,2.0,Đã có sổ
1211,Quận Bình Tân,2190.0,56.0,Đông,2.0,1.0,Không
1212,Quận Tân Phú,3200.0,86.12,Bắc,3.0,2.0,Đang chờ sổ
1213,Quận 4,4780.0,85.0,Không,3.0,2.0,Đang chờ sổ
1214,Quận 12,1520.0,56.0,Không,2.0,2.0,Đang chờ sổ
1215,Quận Tân Phú,1370.0,45.0,Không,1.0,1.0,Không
1216,Quận Tân Phú,2450.0,53.0,Không,2.0,1.0,Đang chờ sổ
1217,Quận Thủ Đức,1680.0,58.0,Không,2.0,2.0,Đang chờ sổ
1218,Quận 12,2250.0,83.0,Không,2.0,2.0,Đang chờ sổ
1219,Quận 8,3300.0,73.0,Không,2.0,2.0,Đang chờ sổ
1220,Quận 9,2100.0,66.0,Không,2.0,2.0,Không
1221,Quận 8,1600.0,62.0,Không,2.0,2.0,Không
1222,Quận 7,1790.0,54.0,Bắc,2.0,1.0,Đang chờ sổ
1223,Quận 2,4180.0,71.0,Không,2.0,2.0,Đã có sổ
1224,Quận 7,4100.0,150.0,Bắc,3.0,2.0,Đang chờ sổ
1225,Quận 9,1850.0,47.0,Tây Nam,2.0,1.0,Không
1226,Huyện Hóc Môn,330.0,33.0,Không,1.0,1.0,Không
1227,Quận 8,2730.0,91.0,Không,3.0,2.0,Không
1228,Quận 6,3200.0,86.0,Không,2.0,2.0,Đã có sổ
1229,Quận 8,2100.0,73.0,Đông Nam,2.0,2.0,Đang chờ sổ
1230,Quận Tân Bình,4100.0,73.0,Không,2.0,2.0,Không
1231,Quận Tân Bình,3250.0,56.0,Không,1.0,1.0,Không
1232,Quận Phú Nhuận,6230.0,109.0,Không,3.0,2.0,Không
1233,Quận 9,1860.0,47.0,Tây,1.0,1.0,Đã có sổ
1234,Quận 7,2200.0,46.0,Không,1.0,1.0,Không
1235,Quận Tân Bình,2950.0,87.0,Không,2.0,2.0,Đã có sổ
1236,Quận 8,2560.0,85.0,Không,3.0,2.0,Không
1237,Quận Tân Bình,1000.0,40.0,Không,2.0,1.0,Không
1238,Quận Gò Vấp,2300.0,65.0,Tây Bắc,2.0,2.0,Đang chờ sổ
1239,Quận 12,1000.0,48.0,Không,2.0,2.0,Đang chờ sổ
1240,Quận Tân Bình,1900.0,65.0,Không,2.0,1.0,Không
1241,Huyện Nhà Bè,3450.0,83.0,Không,3.0,2.0,Đang chờ sổ
1242,Quận 2,5750.0,79.1,Đông,2.0,2.0,Đang chờ sổ
1243,Quận 7,1420.0,69.0,Không,2.0,3.0,Đã có sổ
1244,Quận 2,1200.0,75.0,Tây,2.0,2.0,Đã có sổ
1245,Huyện Bình Chánh,2300.0,59.0,Không,2.0,2.0,Đang chờ sổ
1246,Quận 12,2550.0,65.0,Tây Bắc,2.0,2.0,Đã có sổ
1247,Quận 8,2180.0,73.0,Tây Bắc,2.0,2.0,Đang chờ sổ
1248,Quận 5,1800.0,84.0,Không,2.0,2.0,Đã có sổ
1249,Quận 10,7800.0,103.0,Không,3.0,2.0,Đang chờ sổ
1250,Quận Bình Tân,1160.0,69.0,Không,2.0,2.0,Đã có sổ
1251,Quận 12,1550.0,58.0,Không,2.0,2.0,Không
1252,Quận 11,2830.0,66.0,Tây,1.0,1.0,Đã có sổ
1253,Quận 7,2100.0,68.0,Không,2.0,2.0,Đã có sổ
1254,Quận Tân Phú,3100.0,65.0,Không,2.0,2.0,Đang chờ sổ
1255,Quận Gò Vấp,1780.0,70.0,Không,2.0,1.0,Không
1256,Quận 3,1100.0,25.42,Đông Bắc,1.0,1.0,Giấy tờ khác
1257,Quận 8,2060.0,60.0,Không,2.0,1.0,Đã có sổ
1258,Quận 2,2730.0,50.0,Không,1.0,1.0,Giấy tờ khác
1259,Quận Tân Bình,1890.0,47.0,Nam,1.0,1.0,Đã có sổ
1260,Quận 12,1600.0,58.0,Không,2.0,2.0,Đang chờ sổ
1261,Quận 12,1380.0,51.0,Không,2.0,1.0,Đang chờ sổ
1262,Huyện Bình Chánh,2920.0,100.0,Không,2.0,2.0,Đã có sổ
1263,Quận Thủ Đức,2580.0,90.5,Tây,2.0,2.0,Đã có sổ
1264,Huyện Nhà Bè,4200.0,220.0,Không,4.0,4.0,Đã có sổ
1265,Huyện Nhà Bè,2460.0,75.6,Không,2.0,2.0,Đã có sổ
1266,Quận 7,1880.0,53.0,Không,1.0,1.0,Không
1267,Quận 7,1806.0,53.0,Không,1.0,1.0,Không
1268,Quận 7,3550.0,86.0,Không,3.0,2.0,Không
1269,Quận Tân Phú,1400.0,49.0,Không,1.0,1.0,Đang chờ sổ
1270,Quận Tân Phú,950.0,40.0,Không,2.0,1.0,Đã có sổ
1271,Quận 2,2250.0,79.0,Tây,2.0,2.0,Đã có sổ
1272,Quận 7,5100.0,125.0,Nam,3.0,2.0,Đã có sổ
1273,Quận 2,4600.0,74.0,Không,2.0,2.0,Không
1274,Quận Tân Phú,4850.0,104.0,Bắc,3.0,2.0,Không
1275,Quận Thủ Đức,1950.0,50.0,Không,1.0,1.0,Không
1276,Quận Thủ Đức,1550.0,53.0,Không,2.0,2.0,Đang chờ sổ
1277,Quận 8,2900.0,79.25,Đông Bắc,2.0,2.0,Không
1278,Quận 9,2400.0,70.0,Không,2.0,2.0,Đang chờ sổ
1279,Quận 7,3400.0,95.0,Không,3.0,2.0,Không
1280,Quận 9,3000.0,69.0,Không,2.0,2.0,Không
1281,Quận Thủ Đức,2390.0,62.0,Không,2.0,1.0,Không
1282,Quận Tân Phú,2000.0,69.0,Tây,2.0,2.0,Đang chờ sổ
1283,Quận 2,1650.0,59.0,Đông Nam,2.0,2.0,Đang chờ sổ
1284,Quận 9,3300.0,54.0,Không,2.0,2.0,Đang chờ sổ
1285,Quận 12,1800.0,70.0,Không,2.0,2.0,Không
1286,Quận 10,7090.0,120.0,Không,2.0,2.0,Đã có sổ
1287,Quận 9,2468.0,68.0,Đông Bắc,2.0,2.0,Đang chờ sổ
1288,Quận 4,1900.0,52.0,Không,1.0,1.0,Đã có sổ
1289,Quận 9,1750.237951,47.0,Không,1.0,1.0,Đã có sổ
1290,Quận Bình Tân,1950.0,60.0,Đông Nam,2.0,2.0,Đang chờ sổ
1291,Quận 6,4000.0,90.0,Không,2.0,2.0,Đang chờ sổ
1292,Huyện Bình Chánh,1250.0,46.0,Không,2.0,1.0,Không
1293,Quận 8,2300.0,73.0,Không,2.0,2.0,Không
1294,Quận 7,2550.0,120.0,Đông Bắc,3.0,2.0,Đang chờ sổ
1295,Quận 9,2480.0,72.0,Không,2.0,2.0,Giấy tờ khác
1296,Quận Tân Phú,4050.0,84.0,Tây,2.0,2.0,Đang chờ sổ
1297,Quận 4,1750.0,34.0,Không,1.0,1.0,Không
1298,Quận Thủ Đức,2850.0,84.0,Nam,2.0,2.0,Đã có sổ
1299,Quận 8,2100.0,60.0,Không,2.0,2.0,Không
1300,Quận 8,2100.0,78.0,Không,2.0,2.0,Đã có sổ
1301,Quận 4,4000.0,127.0,Không,3.0,2.0,Đã có sổ
1302,Quận Thủ Đức,1990.0,70.0,Đông Nam,2.0,2.0,Đang chờ sổ
1303,Quận Tân Phú,2400.0,72.0,Không,2.0,2.0,Đã có sổ
1304,Quận 8,1660.0,62.0,Đông Nam,2.0,2.0,Đang chờ sổ
1305,Quận Phú Nhuận,3150.0,67.0,Nam,2.0,2.0,Đã có sổ
1306,Huyện Bình Chánh,1560.0,55.0,Nam,2.0,2.0,Đang chờ sổ
1307,Quận 9,1250.0,47.1,Không,2.0,1.0,Đã có sổ
1308,Quận Bình Tân,1800.0,95.0,Đông Nam,2.0,2.0,Không
1309,Quận 12,1750.0,50.0,Không,2.0,2.0,Không
1310,Quận 11,4300.0,84.0,Không,2.0,2.0,Đã có sổ
1311,Quận 9,2020.0,59.0,Nam,2.0,1.0,Đang chờ sổ
1312,Quận Tân Bình,900.0,31.0,Không,1.0,1.0,Đã có sổ
1313,Quận 9,1780.0,52.0,Không,2.0,1.0,Đã có sổ
1314,Huyện Bình Chánh,2950.0,72.0,Bắc,2.0,2.0,Đang chờ sổ
1315,Quận 7,5150.0,102.0,Không,3.0,2.0,Đang chờ sổ
1316,Quận Bình Thạnh,3600.0,99.0,Không,3.0,2.0,Đã có sổ
1317,Quận Thủ Đức,2500.0,73.0,Không,2.0,2.0,Đã có sổ
1318,Quận 7,3300.0,70.0,Không,2.0,2.0,Không
1319,Quận Bình Thạnh,2650.0,75.0,Tây,3.0,1.0,Đã có sổ
1320,Quận Thủ Đức,1250.0,33.0,Không,1.0,1.0,Không
1321,Quận 10,4450.0,69.0,Không,2.0,2.0,Đã có sổ
1322,Quận Phú Nhuận,1830.0,36.0,Không,1.0,1.0,Không
1323,Quận 7,2836.0,69.0,Đông Nam,2.0,2.0,Đang chờ sổ
1324,Quận Thủ Đức,2200.0,57.0,Không,1.0,1.0,Đã có sổ
1325,Quận 8,2890.0,92.0,Không,3.0,2.0,Đã có sổ
1326,Huyện Nhà Bè,1250.0,67.0,Tây,2.0,2.0,Đang chờ sổ
1327,Quận 8,2700.0,107.0,Tây,2.0,2.0,Đã có sổ
1328,Huyện Bình Chánh,550.0,46.0,Tây,1.0,1.0,Giấy tờ khác
1329,Quận 12,1680.0,68.0,Không,2.0,2.0,Đã có sổ
1330,Quận Gò Vấp,1500.0,69.0,Đông Bắc,2.0,2.0,Đang chờ sổ
1331,Quận 7,1350.0,80.0,Không,2.0,2.0,Đã có sổ
1332,Quận Tân Phú,2100.0,58.0,Nam,2.0,2.0,Giấy tờ khác
1333,Quận 9,2550.0,70.0,Đông Nam,2.0,2.0,Đã có sổ
1334,Quận 2,2900.0,64.0,Không,2.0,2.0,Đã có sổ
1335,Quận Tân Phú,2400.0,66.0,Không,2.0,1.0,Đang chờ sổ
1336,Quận 9,2135.0,62.8,Không,2.0,2.0,Đang chờ sổ
1337,Quận 2,3750.0,88.0,Đông Nam,3.0,2.0,Đã có sổ
1338,Huyện Nhà Bè,3420.0,71.0,Bắc,2.0,2.0,Đang chờ sổ
1339,Quận Tân Phú,1770.0,59.0,Đông,2.0,1.0,Đã có sổ
1340,Quận Tân Phú,1700.0,58.0,Không,2.0,1.0,Không
1341,Quận 2,5750.0,49.0,Không,1.0,1.0,Đang chờ sổ
1342,Quận 8,1500.0,56.0,Không,2.0,2.0,Đã có sổ
1343,Quận Bình Tân,1650.0,65.0,Không,2.0,1.0,Không
1344,Quận 9,1400.0,30.81,Đông,1.0,1.0,Đang chờ sổ
1345,Quận 2,2000.0,56.42,Không,2.0,2.0,Giấy tờ khác
1346,Huyện Nhà Bè,2400.0,106.0,Không,3.0,2.0,Không
1347,Quận Bình Thạnh,2600.0,70.0,Không,2.0,1.0,Đã có sổ
1348,Quận 9,2000.0,45.0,Đông Nam,2.0,2.0,Đang chờ sổ
1349,Quận Tân Phú,5120.0,104.0,Không,3.0,2.0,Đang chờ sổ
1350,Quận 9,2890.0,75.0,Không,2.0,2.0,Đã có sổ
1351,Quận Bình Tân,2500.0,68.5,Không,2.0,1.0,Không
1352,Quận Tân Phú,1990.0,55.0,Không,2.0,1.0,Giấy tờ khác
1353,Quận Thủ Đức,1300.0,40.0,Đông Bắc,1.0,1.0,Đã có sổ
1354,Quận Thủ Đức,1950.0,49.0,Đông Nam,2.0,2.0,Đã có sổ
1355,Quận 8,1300.0,62.5,Nam,2.0,1.0,Đã có sổ
1356,Quận 10,6800.0,86.0,Tây Bắc,2.0,2.0,Đang chờ sổ
1357,Quận 8,1450.0,51.0,Tây Bắc,2.0,2.0,Giấy tờ khác
1358,Quận Thủ Đức,2000.0,75.0,Đông,2.0,2.0,Giấy tờ khác
1359,Quận 8,1850.0,62.0,Đông Nam,2.0,2.0,Đang chờ sổ
1360,Quận Gò Vấp,3900.0,83.6,Bắc,2.0,2.0,Đã có sổ
1361,Quận 6,2600.0,41.0,Tây,1.0,1.0,Đã có sổ
1362,Quận 8,3450.0,115.0,Không,2.0,2.0,Đã có sổ
1363,Quận 8,2300.0,73.0,Không,2.0,2.0,Giấy tờ khác
1364,Quận Thủ Đức,1180.0,38.0,Bắc,1.0,1.0,Đã có sổ
1365,Quận Bình Thạnh,3200.0,95.0,Không,3.0,3.0,Đang chờ sổ
1366,Quận Phú Nhuận,4500.0,73.0,Không,2.0,2.0,Đã có sổ
1367,Quận Thủ Đức,2200.0,55.0,Bắc,1.0,1.0,Đã có sổ
1368,Quận Phú Nhuận,9000.0,24.0,Không,2.0,3.0,Đã có sổ
1369,Quận 12,2200.0,65.0,Đông Nam,2.0,2.0,Đã có sổ
1370,Quận 9,2300.0,86.0,Không,3.0,2.0,Không
1371,Quận 1,1650.0,30.0,Không,1.0,1.0,Đã có sổ
1372,Quận 9,2150.0,64.0,Tây Nam,2.0,2.0,Đang chờ sổ
1373,Quận 8,1854.0,79.0,Không,3.0,2.0,Giấy tờ khác
1374,Quận Tân Bình,1950.0,12.2,Không,1.0,2.0,Không
1375,Quận 2,670.0,56.32,Tây Bắc,2.0,2.0,Đang chờ sổ
1376,Quận 7,3130.0,82.0,Tây Bắc,3.0,2.0,Đã có sổ
1377,Quận Bình Thạnh,3000.0,55.0,Không,1.0,1.0,Không
1378,Quận Bình Thạnh,2850.0,68.0,Không,2.0,2.0,Không
1379,Quận 12,1860.0,65.0,Không,2.0,2.0,Đã có sổ
1380,Quận 9,1800.0,58.0,Không,2.0,2.0,Không
1381,Huyện Bình Chánh,980.0,40.0,Không,1.0,1.0,Đang chờ sổ
1382,Quận 6,2100.0,72.0,Nam,2.0,2.0,Không
1383,Quận 9,1780.0,52.0,Nam,2.0,1.0,Đã có sổ
1384,Huyện Nhà Bè,3000.0,72.0,Không,2.0,2.0,Đang chờ sổ
1385,Quận 2,2900.0,60.0,Không,1.0,1.0,Đã có sổ
1386,Huyện Nhà Bè,2400.0,68.0,Không,2.0,2.0,Không
1387,Quận Bình Tân,1900.0,65.0,Không,2.0,2.0,Đang chờ sổ
1388,Quận 9,2650.0,97.0,Đông Bắc,3.0,2.0,Đã có sổ
1389,Quận 9,1750.0,47.0,Không,1.0,1.0,Đã có sổ
1390,Quận 1,17250.0,62.0,Không,1.0,1.0,Đang chờ sổ
1391,Huyện Nhà Bè,2900.0,70.0,Không,2.0,2.0,Đang chờ sổ
1392,Quận 9,2500.0,60.0,Không,2.0,1.0,Đang chờ sổ
1393,Quận 8,1870.0,81.0,Không,3.0,2.0,Đang chờ sổ
1394,Quận 2,1880.0,61.0,Không,2.0,2.0,Đang chờ sổ
1395,Quận Tân Phú,4400.0,92.0,Tây Nam,2.0,2.0,Giấy tờ khác
1396,Quận 3,5100.0,38.0,Không,2.0,2.0,Đã có sổ
1397,Quận Bình Thạnh,3150.0,68.0,Không,2.0,2.0,Đã có sổ
1398,Quận Bình Thạnh,4600.0,85.0,Không,2.0,2.0,Đã có sổ
1399,Quận Thủ Đức,1150.0,38.0,Tây Bắc,1.0,1.0,Đã có sổ
1400,Quận Bình Thạnh,1435.0,75.0,Không,2.0,2.0,Đã có sổ
1401,Quận 2,3700.0,106.0,Không,3.0,2.0,Đã có sổ
1402,Huyện Bình Chánh,2150.0,56.0,Không,2.0,1.0,Đang chờ sổ
1403,Quận 4,4500.0,65.0,Không,2.0,2.0,Đã có sổ
1404,Quận Thủ Đức,1180.0,37.0,Tây Bắc,1.0,1.0,Đã có sổ
1405,Quận 12,1950.0,65.0,Không,2.0,2.0,Đang chờ sổ
1406,Quận Bình Thạnh,2800.0,82.0,Đông Nam,2.0,2.0,Đã có sổ
1407,Quận Bình Tân,2000.0,63.0,Không,2.0,1.0,Đang chờ sổ
1408,Quận 2,4350.0,64.0,Không,2.0,2.0,Đang chờ sổ
1409,Quận Phú Nhuận,5900.0,96.0,Đông,3.0,2.0,Không
1410,Quận 9,2500.0,71.0,Không,2.0,2.0,Không
1411,Quận 12,2100.0,61.0,Đông Bắc,2.0,2.0,Đã có sổ
1412,Quận 9,2270.0,86.0,Không,3.0,2.0,Không
1413,Quận Tân Phú,5100.0,96.0,Không,2.0,2.0,Giấy tờ khác
1414,Quận 8,2300.0,73.0,Không,2.0,2.0,Đã có sổ
1415,Quận 2,2100.0,63.7,Bắc,2.0,2.0,Đã có sổ
1416,Quận Bình Thạnh,6590.957569,79.0,Đông Nam,2.0,2.0,Đã có sổ
1417,Quận Tân Bình,980.0,34.0,Không,1.0,1.0,Không
1418,Quận 8,2400.0,79.0,Không,2.0,2.0,Đang chờ sổ
1419,Quận 12,2200.0,65.0,Không,2.0,2.0,Đang chờ sổ
1420,Quận 9,3400.0,81.0,Tây Bắc,3.0,2.0,Đang chờ sổ
1421,Quận 9,2000.0,86.0,Không,3.0,2.0,Đã có sổ
1422,Quận 7,1800.0,74.0,Không,2.0,2.0,Đang chờ sổ
1423,Quận Thủ Đức,1300.0,45.0,Không,2.0,1.0,Giấy tờ khác
1424,Huyện Nhà Bè,2800.0,70.0,Không,2.0,2.0,Đang chờ sổ
1425,Quận Bình Thạnh,2850.0,52.75,Đông Bắc,2.0,1.0,Đang chờ sổ
1426,Quận Thủ Đức,2450.0,75.0,Đông Nam,2.0,2.0,Đã có sổ
1427,Quận 3,1900.0,56.0,Đông,2.0,1.0,Giấy tờ khác
1428,Quận Thủ Đức,2300.0,77.0,Không,2.0,2.0,Đã có sổ
1429,Quận Tân Phú,3350.0,84.0,Không,3.0,2.0,Không
1430,Quận Tân Phú,2700.0,65.6,Không,2.0,2.0,Không
1431,Quận 9,1556.0,46.0,Tây,1.0,1.0,Đang chờ sổ
1432,Quận Thủ Đức,1700.0,53.0,Đông Bắc,2.0,1.0,Không
1433,Quận Thủ Đức,1250.0,33.0,Không,1.0,1.0,Không
1434,Quận 2,3050.0,85.0,Đông Nam,2.0,2.0,Đang chờ sổ
1435,Quận Tân Bình,2500.0,89.0,Không,2.0,2.0,Đang chờ sổ
1436,Quận Bình Tân,3287.0,101.0,Không,2.0,2.0,Giấy tờ khác
1437,Quận 9,2550.0,59.0,Không,2.0,1.0,Đang chờ sổ
1438,Quận Thủ Đức,1150.0,40.0,Tây Nam,1.0,1.0,Đã có sổ
1439,Quận Thủ Đức,1190.0,38.0,Đông Nam,1.0,1.0,Đã có sổ
1440,Quận Thủ Đức,1120.0,38.0,Không,1.0,1.0,Đã có sổ
1441,Quận 9,2600.0,70.0,Không,2.0,2.0,Đang chờ sổ
1442,Quận 7,2250.0,53.0,Không,1.0,1.0,Đang chờ sổ
1443,Quận Bình Thạnh,6400.0,106.0,Không,3.0,2.0,Đã có sổ
1444,Quận Tân Bình,950.0,40.0,Đông,1.0,1.0,Giấy tờ khác
1445,Quận Thủ Đức,2900.0,68.0,Không,2.0,2.0,Đã có sổ
1446,Quận 12,2600.0,65.0,Không,2.0,2.0,Đang chờ sổ
1447,Quận Bình Thạnh,6900.0,170.0,Không,3.0,3.0,Đã có sổ
1448,Quận 8,1870.0,57.0,Không,1.0,1.0,Không
1449,Huyện Bình Chánh,2200.0,59.0,Không,2.0,2.0,Giấy tờ khác
1450,Quận 3,1000.0,40.0,Đông Bắc,1.0,1.0,Giấy tờ khác
1451,Quận Tân Phú,3780.0,84.0,Tây Bắc,2.0,2.0,Không
1452,Quận Gò Vấp,3700.0,75.0,Nam,2.0,2.0,Đã có sổ
1453,Quận Tân Phú,2600.0,72.0,Không,2.0,2.0,Đang chờ sổ
1454,Quận Phú Nhuận,3600.0,70.0,Không,2.0,1.0,Đã có sổ
1455,Quận Thủ Đức,800.0,75.0,Không,3.0,1.0,Không
1456,Quận 5,5950.0,150.0,Không,3.0,4.0,Đã có sổ
1457,Quận Tân Bình,2350.0,60.0,Không,2.0,2.0,Đã có sổ
1458,Quận 11,3800.0,95.0,Không,2.0,2.0,Đã có sổ
1459,Quận Thủ Đức,2450.0,80.0,Không,2.0,2.0,Đã có sổ
1460,Quận 12,1690.0,48.6,Không,2.0,1.0,Giấy tờ khác
1461,Quận 9,1400.0,30.0,Không,1.0,1.0,Đang chờ sổ
1462,Quận Bình Thạnh,9000.0,90.0,Không,1.0,1.0,Không
1463,Quận Bình Tân,2600.0,68.0,Không,2.0,2.0,Không
1464,Quận Bình Tân,3000.0,75.0,Không,2.0,2.0,Không
1465,Quận Bình Thạnh,6100.0,90.0,Không,2.0,2.0,Đã có sổ
1466,Quận 9,450.0,51.7,Không,1.0,1.0,Đang chờ sổ
1467,Quận 2,4200.0,75.0,Không,2.0,2.0,Đã có sổ
1468,Quận Tân Phú,2800.0,65.0,Không,2.0,2.0,Đang chờ sổ
1469,Quận Phú Nhuận,3200.0,33.0,Không,1.0,1.0,Không
1470,Huyện Bình Chánh,780.0,80.0,Đông,3.0,3.0,Đã có sổ
1471,Quận Bình Tân,1670.0,51.0,Không,2.0,1.0,Đã có sổ
1472,Quận Tân Phú,3350.0,91.0,Không,3.0,2.0,Không
1473,Quận 2,1260.0,64.0,Không,2.0,2.0,Đã có sổ
1474,Quận 5,1450.0,103.0,Không,3.0,3.0,Đã có sổ
1475,Quận 9,1600.0,51.0,Tây Bắc,1.0,1.0,Đang chờ sổ
1476,Quận Tân Bình,2970.0,52.0,Không,1.0,1.0,Không
1477,Quận 7,2690.0,45.0,Không,2.0,1.0,Không
1478,Quận 7,2300.0,161.45,Không,3.0,4.0,Không
1479,Quận 7,1550.0,67.0,Không,2.0,2.0,Đang chờ sổ
1480,Quận 2,4300.0,75.0,Tây Bắc,2.0,2.0,Đang chờ sổ
1481,Quận 9,1900.0,69.0,Không,2.0,1.0,Đã có sổ
1482,Quận 9,1900.0,69.0,Không,2.0,1.0,Đang chờ sổ
1483,Quận Tân Phú,1500.0,47.0,Bắc,1.0,1.0,Đang chờ sổ
1484,Quận Phú Nhuận,3990.0,70.0,Không,2.0,2.0,Đang chờ sổ
1485,Quận 2,1950.0,63.0,Đông,1.0,1.0,Đang chờ sổ
1486,Quận 2,3000.0,66.0,Nam,2.0,2.0,Đang chờ sổ
1487,Quận Bình Tân,2150.0,100.0,Đông,3.0,2.0,Đang chờ sổ
1488,Huyện Nhà Bè,1150.0,67.0,Đông Nam,2.0,2.0,Đang chờ sổ
1489,Quận 2,1400.0,52.0,Không,1.0,1.0,Đang chờ sổ
1490,Quận Tân Phú,3100.0,90.0,Không,3.0,2.0,Đang chờ sổ
1491,Quận 1,30000.0,160.0,Đông,4.0,3.0,Đang chờ sổ
1492,Quận 2,1200.0,50.0,Không,1.0,1.0,Không
1493,Quận 2,5500.0,90.0,Không,2.0,2.0,Đang chờ sổ
1494,Quận 7,100.0,200.0,Tây,2.0,1.0,Không
1495,Quận Thủ Đức,1200.0,37.0,Bắc,1.0,1.0,Đã có sổ
1496,Quận Gò Vấp,3990.0,95.0,Tây Bắc,3.0,2.0,Đã có sổ
1497,Quận Gò Vấp,2000.0,71.0,Không,2.0,2.0,Không
1498,Quận 9,450.0,59.0,Không,2.0,2.0,Không
1499,Quận 8,2000.0,72.0,Đông,2.0,2.0,Giấy tờ khác
1500,Quận Bình Thạnh,8800.0,124.0,Không,3.0,2.0,Không
1501,Quận Bình Thạnh,3100.0,72.0,Đông Nam,2.0,2.0,Đang chờ sổ
1502,Quận Bình Tân,1650.0,72.0,Không,2.0,1.0,Không
1503,Quận Bình Tân,1771.0,72.0,Không,2.0,1.0,Đã có sổ
1504,Quận Bình Tân,1830.0,78.0,Không,2.0,2.0,Đã có sổ
1505,Quận Bình Tân,1460.0,60.0,Nam,2.0,1.0,Đã có sổ
1506,Quận Tân Phú,2450.0,53.0,Không,2.0,1.0,Không
1507,Quận 4,3350.0,77.0,Đông Bắc,2.0,2.0,Đang chờ sổ
1508,Quận 7,2850.0,64.07,Không,1.0,1.0,Đang chờ sổ
1509,Quận Bình Tân,3380.0,36.0,Không,1.0,1.0,Không
1510,Quận 9,2535.0,59.0,Không,2.0,2.0,Đang chờ sổ
1511,Quận 7,3800.0,96.0,Không,3.0,2.0,Không
1512,Quận 7,4000.0,96.0,Không,3.0,2.0,Không
1513,Quận 4,3700.0,100.0,Không,3.0,2.0,Đã có sổ
1514,Quận 1,2900.0,46.0,Không,1.0,1.0,Đã có sổ
1515,Quận Tân Bình,3300.0,60.0,Không,2.0,2.0,Đang chờ sổ
1516,Quận 2,9000.0,127.0,Đông,3.0,3.0,Giấy tờ khác
1517,Quận 9,2700.0,70.0,Không,2.0,2.0,Không
1518,Quận 7,1530.0,67.0,Không,2.0,2.0,Đang chờ sổ
1519,Huyện Nhà Bè,2630.0,121.0,Tây Nam,3.0,2.0,Đã có sổ
1520,Quận Tân Bình,2680.0,76.0,Không,3.0,2.0,Đang chờ sổ
1521,Quận Gò Vấp,2150.0,62.0,Không,2.0,2.0,Đã có sổ
1522,Quận Bình Thạnh,2300.0,62.0,Tây,2.0,1.0,Đã có sổ
1523,Quận 2,2950.0,46.0,Đông Nam,1.0,1.0,Đang chờ sổ
1524,Quận 2,2000.0,74.0,Không,3.0,3.0,Không
1525,Quận 12,1800.0,50.0,Không,2.0,2.0,Đã có sổ
1526,Huyện Nhà Bè,2400.0,121.0,Không,3.0,3.0,Đã có sổ
1527,Quận 9,1454.0,56.0,Nam,1.0,1.0,Giấy tờ khác
1528,Quận Tân Phú,2100.0,72.0,Không,2.0,2.0,Đã có sổ
1529,Quận 1,15000.0,101.0,Không,3.0,2.0,Đang chờ sổ
1530,Quận 12,2300.0,65.0,Không,2.0,2.0,Không
1531,Quận 9,1850.0,56.0,Không,2.0,1.0,Không
1532,Quận 9,2700.0,67.0,Không,2.0,2.0,Không
1533,Quận Tân Phú,1550.0,59.0,Nam,2.0,2.0,Đang chờ sổ
1534,Quận 8,900.0,80.0,Không,2.0,2.0,Không
1535,Huyện Bình Chánh,2200.0,59.0,Đông,2.0,2.0,Đang chờ sổ
1536,Quận Bình Tân,2370.0,76.0,Không,2.0,2.0,Giấy tờ khác
1537,Quận Bình Tân,850.0,37.0,Đông Nam,1.0,1.0,Đã có sổ
1538,Quận 8,2540.0,78.0,Không,2.0,2.0,Không
1539,Quận 8,2140.0,75.0,Không,2.0,2.0,Không
1540,Quận 4,3450.0,81.0,Không,2.0,2.0,Đang chờ sổ
1541,Quận 6,1550.0,53.0,Không,2.0,2.0,Không
1542,Quận 7,1650.0,34.0,Không,1.0,1.0,Đang chờ sổ
1543,Quận 4,3000.0,75.0,Không,2.0,2.0,Đã có sổ
1544,Quận Tân Phú,1800.0,67.0,Không,2.0,2.0,Không
1545,Quận 8,2150.0,62.0,Không,2.0,2.0,Đang chờ sổ
1546,Quận 5,2600.0,55.4,Tây Nam,2.0,1.0,Đã có sổ
1547,Quận 10,6800.0,78.0,Tây Nam,2.0,2.0,Đang chờ sổ
1548,Quận Tân Phú,2450.0,65.0,Đông Bắc,2.0,2.0,Đang chờ sổ
1549,Quận Tân Phú,2350.0,70.0,Không,2.0,2.0,Đã có sổ
1550,Quận 2,3450.0,85.0,Không,2.0,2.0,Không
1551,Quận Tân Phú,1950.0,62.0,Không,2.0,2.0,Đang chờ sổ
1552,Quận Tân Phú,1450.0,38.0,Tây Bắc,1.0,1.0,Đã có sổ
1553,Quận 7,3350.0,70.2,Bắc,2.0,2.0,Không
1554,Quận Tân Bình,1250.0,72.0,Không,2.0,2.0,Đã có sổ
1555,Quận 9,1835.0,52.0,Không,2.0,1.0,Không
1556,Quận Tân Bình,950.0,36.0,Không,1.0,1.0,Không
1557,Quận Bình Thạnh,5500.0,130.0,Không,3.0,3.0,Không
1558,Quận Tân Phú,4700.0,103.4,Không,2.0,2.0,Đã có sổ
1559,Quận 8,2856.0,85.0,Không,3.0,2.0,Đã có sổ
1560,Quận Thủ Đức,1135.0,37.0,Đông,1.0,1.0,Đã có sổ
1561,Quận Bình Tân,1730.0,66.0,Không,2.0,2.0,Đã có sổ
1562,Quận 12,1850.0,61.0,Đông,2.0,2.0,Đã có sổ
1563,Quận 7,2300.0,52.0,Không,2.0,1.0,Đã có sổ
1564,Huyện Nhà Bè,3000.0,70.0,Không,2.0,2.0,Đang chờ sổ
1565,Quận 9,1850.0,47.0,Không,1.0,1.0,Đang chờ sổ
1566,Huyện Bình Chánh,1290.0,40.0,Không,2.0,1.0,Đang chờ sổ
1567,Quận Tân Bình,3150.0,90.5,Tây Nam,2.0,2.0,Đã có sổ
1568,Quận 12,1800.0,51.0,Nam,2.0,2.0,Đã có sổ
1569,Quận Tân Phú,1450.0,46.0,Đông,1.0,1.0,Đã có sổ
1570,Quận 9,1300.0,54.0,Không,1.0,2.0,Đã có sổ
1571,Quận 1,9800.0,72.0,Không,2.0,2.0,Giấy tờ khác
1572,Quận Bình Tân,1900.0,52.0,Không,1.0,1.0,Không
1573,Quận Bình Tân,1170.0,47.0,Không,1.0,1.0,Đã có sổ
1574,Quận Bình Tân,1700.0,73.0,Đông,2.0,2.0,Giấy tờ khác
1575,Quận 9,1255.0,59.0,Đông Nam,2.0,1.0,Đang chờ sổ
1576,Quận Tân Phú,2450.0,54.0,Không,2.0,1.0,Không
1577,Quận Bình Thạnh,3100.0,60.0,Không,2.0,2.0,Đang chờ sổ
1578,Quận Bình Thạnh,2550.0,62.0,Không,2.0,1.0,Đã có sổ
1579,Quận Bình Thạnh,7600.0,116.0,Không,3.0,2.0,Đã có sổ
1580,Quận Tân Bình,2350.0,57.3,Đông Nam,2.0,2.0,Đã có sổ
1581,Quận 4,3200.0,87.0,Không,2.0,1.0,Đã có sổ
1582,Quận Thủ Đức,3300.0,80.0,Không,3.0,2.0,Đang chờ sổ
1583,Quận Thủ Đức,1421.0,66.0,Đông Nam,2.0,2.0,Giấy tờ khác
1584,Huyện Bình Chánh,2200.0,109.0,Đông,3.0,2.0,Đã có sổ
1585,Quận Tân Phú,2700.0,75.0,Không,3.0,2.0,Đã có sổ
1586,Huyện Bình Chánh,2660.0,72.0,Không,2.0,2.0,Đang chờ sổ
1587,Quận Tân Bình,4300.0,70.0,Không,2.0,2.0,Đang chờ sổ
1588,Quận Bình Thạnh,3500.0,105.0,Không,2.0,2.0,Không
1589,Quận 7,3900.0,114.0,Bắc,3.0,2.0,Đang chờ sổ
1590,Quận Tân Phú,1850.0,64.0,Không,2.0,2.0,Đang chờ sổ
1591,Quận 9,2750.0,79.0,Không,3.0,1.0,Đang chờ sổ
1592,Quận 2,8600.0,96.0,Không,2.0,2.0,Đang chờ sổ
1593,Quận 8,2400.0,50.0,Không,1.0,1.0,Đang chờ sổ
1594,Quận 12,1680.0,65.0,Không,2.0,2.0,Không
1595,Quận Tân Bình,3500.0,66.0,Đông Bắc,2.0,2.0,Đã có sổ
1596,Quận 2,2100.0,45.0,Không,1.0,1.0,Đang chờ sổ
1597,Quận 8,2290.0,60.0,Không,2.0,1.0,Không
1598,Huyện Bình Chánh,1350.0,50.0,Không,2.0,2.0,Đang chờ sổ
1599,Quận Thủ Đức,2600.0,75.0,Đông Bắc,2.0,2.0,Đã có sổ
1600,Quận 7,1120.0,36.0,Không,1.0,1.0,Không
1601,Quận Thủ Đức,1470.0,50.0,Tây Bắc,2.0,2.0,Đã có sổ
1602,Quận 9,1230.0,31.0,Không,1.0,1.0,Đang chờ sổ
1603,Quận 7,5300.0,99.0,Không,3.0,2.0,Không
1604,Quận 7,3100.0,62.0,Không,2.0,1.0,Không
1605,Quận 8,2200.0,31.7,Đông Nam,3.0,1.0,Đã có sổ
1606,Quận Bình Tân,2900.0,75.0,Đông,2.0,2.0,Không
1607,Quận Bình Tân,2624.0,75.0,Không,2.0,2.0,Không
1608,Quận Tân Phú,950.0,40.0,Bắc,1.0,1.0,Đã có sổ
1609,Quận Tân Phú,2780.0,65.0,Không,2.0,2.0,Không
1610,Quận Gò Vấp,5700.0,74.0,Không,2.0,3.0,Đã có sổ
1611,Quận 9,1240.0,33.0,Không,1.0,1.0,Đang chờ sổ
1612,Quận 2,3200.0,73.0,Tây,2.0,2.0,Đang chờ sổ
1613,Quận Tân Phú,1500.0,68.0,Không,2.0,2.0,Không
1614,Quận Tân Bình,850.0,30.0,Không,1.0,1.0,Không
1615,Quận 9,2470.0,66.0,Không,2.0,2.0,Không
1616,Quận Bình Tân,2300.0,83.0,Không,3.0,2.0,Không
1617,Quận 2,1100.0,75.0,Không,2.0,2.0,Đã có sổ
1618,Quận Tân Phú,2850.0,65.0,Không,2.0,2.0,Đã có sổ
1619,Quận 8,2080.0,99.34,Nam,2.0,2.0,Đã có sổ
1620,Quận 9,2200.0,66.0,Không,2.0,2.0,Đang chờ sổ
1621,Quận Tân Bình,950.0,44.0,Đông,1.0,1.0,Giấy tờ khác
1622,Quận 9,1750.0,58.0,Không,2.0,2.0,Không
1623,Quận 2,1950.0,55.0,Không,1.0,2.0,Đã có sổ
1624,Quận 7,1800.0,37.0,Bắc,1.0,1.0,Đang chờ sổ
1625,Quận 7,2200.0,84.0,Đông,2.0,1.0,Đã có sổ
1626,Quận 7,2250.0,68.66,Không,2.0,2.0,Đã có sổ
1627,Quận 9,3300.0,81.0,Tây Nam,3.0,2.0,Giấy tờ khác
1628,Quận Thủ Đức,960.0,40.0,Không,1.0,1.0,Giấy tờ khác
1629,Quận Thủ Đức,1470.0,50.0,Không,2.0,2.0,Đã có sổ
1630,Quận Thủ Đức,1170.0,37.0,Không,1.0,1.0,Đã có sổ
1631,Quận 9,1786.0,46.0,Không,1.0,1.0,Đang chờ sổ
1632,Quận Tân Phú,2450.0,53.0,Không,2.0,1.0,Không
1633,Quận 8,2100.0,62.0,Đông Nam,2.0,2.0,Đang chờ sổ
1634,Quận 7,4600.0,106.0,Đông,2.0,2.0,Đã có sổ
1635,Quận 7,3800.0,80.0,Không,2.0,2.0,Không
1636,Huyện Bình Chánh,1440.0,60.0,Đông Nam,2.0,2.0,Đang chờ sổ
1637,Quận 2,3200.0,56.0,Không,2.0,1.0,Không
1638,Huyện Nhà Bè,1400.0,67.0,Tây,2.0,2.0,Đang chờ sổ
1639,Quận Tân Phú,5140.0,96.0,Nam,2.0,2.0,Giấy tờ khác
1640,Quận 10,2700.0,60.0,Đông Bắc,2.0,2.0,Đang chờ sổ
1641,Quận Bình Tân,185.0,71.0,Không,2.0,2.0,Đang chờ sổ
1642,Quận 7,4100.0,99.0,Không,2.0,2.0,Đã có sổ
1643,Quận Thủ Đức,1950.0,70.0,Không,2.0,2.0,Không
1644,Quận 7,3500.0,120.0,Không,3.0,3.0,Không
1645,Quận Tân Phú,2500.0,87.0,Đông,2.0,2.0,Đang chờ sổ
1646,Quận 11,1600.0,40.0,Không,1.0,1.0,Đã có sổ
1647,Huyện Bình Chánh,1700.0,69.0,Không,2.0,2.0,Đã có sổ
1648,Huyện Bình Chánh,1550.0,32.0,Không,1.0,1.0,Không
1649,Quận Thủ Đức,1680.0,51.0,Không,1.0,1.0,Đang chờ sổ
1650,Quận Gò Vấp,2650.0,75.0,Không,2.0,2.0,Không
1651,Quận 8,2050.0,54.0,Không,2.0,1.0,Giấy tờ khác
1652,Quận 12,760.0,17.5,Đông,2.0,1.0,Đã có sổ
1653,Quận 11,1520.0,90.0,Không,2.0,2.0,Đã có sổ
1654,Huyện Hóc Môn,7500.0,165.0,Không,2.0,1.0,Đã có sổ
1655,Quận Tân Phú,1690.0,63.0,Không,2.0,2.0,Đã có sổ
1656,Quận 7,3500.0,70.0,Nam,2.0,2.0,Đang chờ sổ
1657,Quận 12,1869.0,71.0,Bắc,2.0,2.0,Đang chờ sổ
1658,Quận Bình Thạnh,1670.0,63.0,Không,2.0,1.0,Đã có sổ
1659,Quận Tân Bình,1900.0,38.0,Đông Nam,1.0,1.0,Đã có sổ
1660,Quận 1,12900.0,68.2,Đông,2.0,2.0,Đã có sổ
1661,Quận 8,1680.0,61.75,Không,2.0,2.0,Không
1662,Quận Thủ Đức,2500.0,77.0,Tây,2.0,2.0,Đã có sổ
1663,Quận 7,2800.0,75.0,Không,2.0,2.0,Không
1664,Huyện Bình Chánh,600.0,41.0,Đông,1.0,1.0,Đã có sổ
1665,Quận Tân Phú,1420.0,40.0,Không,1.0,1.0,Đã có sổ
1666,Quận 2,7958.0,56.9,Không,1.0,1.0,Đang chờ sổ
1667,Quận 8,2000.0,73.0,Không,2.0,2.0,Không
1668,Quận 12,1750.0,57.0,Không,2.0,1.0,Giấy tờ khác
1669,Quận 1,1230.0,25.0,Không,1.0,1.0,Đã có sổ
1670,Quận Tân Phú,3600.0,71.0,Không,2.0,2.0,Đang chờ sổ
1671,Quận Tân Bình,900.0,40.0,Không,1.0,1.0,Đang chờ sổ
1672,Quận 4,3950.0,90.0,Không,3.0,2.0,Đã có sổ
1673,Quận 8,2920.0,75.0,Tây Bắc,2.0,2.0,Đã có sổ
1674,Quận Thủ Đức,2470.0,68.0,Không,2.0,2.0,Không
1675,Quận Thủ Đức,3500.0,68.0,Tây Bắc,2.0,2.0,Đang chờ sổ
1676,Huyện Nhà Bè,2000.0,52.0,Không,2.0,1.0,Không
1677,Quận Bình Tân,2200.0,80.0,Đông,3.0,3.0,Đã có sổ
1678,Quận Thủ Đức,1600.0,51.0,Không,1.0,1.0,Không
1679,Quận 12,1820.0,69.0,Đông Bắc,2.0,2.0,Đang chờ sổ
1680,Quận 8,2040.0,54.0,Không,2.0,1.0,Đang chờ sổ
1681,Quận 8,2180.0,75.0,Không,2.0,2.0,Đang chờ sổ
1682,Quận 7,1760.0,85.0,Không,2.0,3.0,Đang chờ sổ
1683,Quận 11,950.0,40.0,Không,1.0,1.0,Đã có sổ
1684,Quận Tân Bình,950.0,40.0,Nam,1.0,1.0,Đã có sổ
1685,Quận 2,4150.0,70.0,Không,2.0,2.0,Đã có sổ
1686,Quận 7,2150.0,53.0,Không,1.0,1.0,Không
1687,Quận 12,1520.0,60.0,Tây,2.0,2.0,Đang chờ sổ
1688,Quận Thủ Đức,1980.0,78.0,Không,3.0,2.0,Không
1689,Quận 7,4400.0,106.0,Đông,2.0,2.0,Đã có sổ
1690,Quận Bình Tân,2700.0,80.0,Không,3.0,2.0,Đang chờ sổ
1691,Quận Tân Bình,2986.0,56.0,Không,1.0,1.0,Không
1692,Quận 10,3399.0,75.0,Không,2.0,2.0,Đã có sổ
1693,Quận Tân Phú,1790.0,58.0,Không,2.0,1.0,Đã có sổ
1694,Quận 9,1390.0,61.0,Không,2.0,1.0,Đã có sổ
1695,Huyện Bình Chánh,1950.0,101.0,Bắc,3.0,2.0,Đã có sổ
1696,Quận 8,3290.0,74.0,Không,2.0,2.0,Đang chờ sổ
1697,Quận Bình Tân,1330.0,53.0,Không,2.0,1.0,Đang chờ sổ
1698,Quận 2,3450.0,85.0,Không,2.0,2.0,Đang chờ sổ
1699,Quận 4,3800.0,53.0,Không,1.0,1.0,Không
1700,Quận Phú Nhuận,3500.0,50.0,Không,1.0,1.0,Không
1701,Quận 12,1550.0,53.0,Tây,2.0,2.0,Đã có sổ
1702,Quận 7,2300.0,55.0,Không,2.0,1.0,Không
1703,Quận 9,756.0,46.0,Tây,1.0,1.0,Đang chờ sổ
1704,Quận 5,1600.0,42.0,Không,2.0,1.0,Đã có sổ
1705,Quận 2,4250.0,69.0,Không,2.0,2.0,Đã có sổ
1706,Quận 8,1950.0,72.0,Không,2.0,2.0,Đã có sổ
1707,Quận Thủ Đức,3050.0,100.0,Đông Bắc,3.0,2.0,Đã có sổ
1708,Quận Tân Phú,2200.0,87.0,Không,2.0,2.0,Đã có sổ
1709,Quận Tân Bình,950.0,45.0,Không,1.0,1.0,Không
1710,Quận Tân Phú,2850.0,65.0,Không,2.0,2.0,Không
1711,Quận Tân Phú,3500.0,91.0,Không,2.0,2.0,Không
1712,Quận 8,2150.0,73.0,Đông,2.0,2.0,Không
1713,Huyện Nhà Bè,2500.0,68.0,Không,2.0,2.0,Đang chờ sổ
1714,Quận 7,1500.0,67.0,Không,2.0,2.0,Đang chờ sổ
1715,Quận 7,2280.0,57.1,Đông Bắc,2.0,1.0,Đang chờ sổ
1716,Quận Bình Thạnh,3200.0,78.0,Không,2.0,1.0,Đã có sổ
1717,Quận 9,1996.0,59.0,Không,2.0,1.0,Không
1718,Quận Thủ Đức,3500.0,80.0,Đông Nam,3.0,2.0,Đang chờ sổ
1719,Quận 12,1840.0,54.0,Không,2.0,2.0,Không
1720,Quận 2,2290.0,62.0,Không,2.0,2.0,Đã có sổ
1721,Quận 8,2350.0,73.0,Không,2.0,2.0,Không
1722,Huyện Nhà Bè,1750.0,75.0,Không,2.0,2.0,Đã có sổ
1723,Quận 2,9500.0,108.0,Tây,2.0,2.0,Đang chờ sổ
1724,Quận Tân Phú,3550.0,84.0,Không,3.0,2.0,Không
1725,Quận 7,3350.0,80.0,Đông Bắc,2.0,2.0,Đang chờ sổ
1726,Huyện Nhà Bè,2100.0,100.0,Không,2.0,2.0,Đã có sổ
1727,Huyện Bình Chánh,2100.0,65.0,Tây Nam,2.0,2.0,Giấy tờ khác
1728,Quận 2,1999.0,50.0,Tây Bắc,1.0,1.0,Đã có sổ
1729,Quận Tân Bình,950.0,35.0,Bắc,1.0,1.0,Giấy tờ khác
1730,Quận 2,5400.0,98.0,Không,2.0,2.0,Đã có sổ
1731,Quận Gò Vấp,450.0,66.0,Không,2.0,2.0,Giấy tờ khác
1732,Quận Thủ Đức,1550.0,60.0,Không,2.0,2.0,Đang chờ sổ
1733,Quận 7,3690.0,76.0,Không,2.0,2.0,Đã có sổ
1734,Quận Tân Bình,950.0,46.0,Không,1.0,1.0,Giấy tờ khác
1735,Quận 2,1800.0,33.0,Không,1.0,1.0,Đã có sổ
1736,Quận Thủ Đức,1970.0,70.0,Đông Nam,2.0,2.0,Đã có sổ
1737,Quận 2,4150.0,65.0,Không,2.0,2.0,Đã có sổ
1738,Quận 7,2250.0,53.0,Không,1.0,1.0,Không
1739,Quận 8,2300.0,60.0,Đông Bắc,2.0,1.0,Đã có sổ
1740,Huyện Nhà Bè,2950.0,71.0,Bắc,2.0,2.0,Không
1741,Quận 7,3100.0,82.0,Không,2.0,2.0,Đã có sổ
1742,Quận Tân Bình,1850.0,52.0,Đông,1.0,1.0,Đã có sổ
1743,Quận Thủ Đức,1530.0,75.0,Không,2.0,2.0,Đã có sổ
1744,Quận Thủ Đức,1200.0,38.0,Đông,1.0,1.0,Đã có sổ
1745,Quận 7,3690.0,76.0,Không,2.0,2.0,Đang chờ sổ
1746,Quận Bình Thạnh,3150.0,72.0,Đông Nam,2.0,2.0,Đang chờ sổ
1747,Quận Tân Phú,2850.0,65.0,Không,2.0,2.0,Không
1748,Quận Tân Bình,3300.0,57.0,Không,2.0,1.0,Không
1749,Quận Gò Vấp,1200.0,66.0,Không,2.0,2.0,Đã có sổ
1750,Quận Thủ Đức,1080.0,37.0,Tây Bắc,1.0,1.0,Đã có sổ
1751,Huyện Nhà Bè,2200.0,100.0,Không,2.0,2.0,Đã có sổ
1752,Quận 10,5500.0,73.0,Không,2.0,2.0,Đang chờ sổ
1753,Quận 8,1185.0,56.0,Đông Nam,2.0,2.0,Giấy tờ khác
1754,Quận 7,2600.0,70.0,Không,2.0,2.0,Đã có sổ
1755,Quận 2,2150.0,63.0,Không,2.0,2.0,Đang chờ sổ
1756,Quận 8,2500.0,78.88,Tây Bắc,2.0,2.0,Đang chờ sổ
1757,Quận 8,2500.0,68.0,Đông Nam,2.0,2.0,Đã có sổ
1758,Quận 8,2090.0,54.0,Không,2.0,1.0,Đang chờ sổ
1759,Quận Tân Phú,4200.0,85.21,Không,2.0,2.0,Giấy tờ khác
1760,Quận Bình Tân,1880.0,53.0,Không,1.0,1.0,Đang chờ sổ
1761,Quận 8,1420.0,55.0,Không,2.0,2.0,Không
1762,Quận Phú Nhuận,7945.0,109.0,Không,3.0,2.0,Đang chờ sổ
1763,Quận 7,4900.0,105.0,Không,3.0,2.0,Đang chờ sổ
1764,Quận 8,1691.0,76.0,Không,3.0,2.0,Giấy tờ khác
1765,Quận 9,1600.0,58.0,Không,2.0,1.0,Không
1766,Quận Tân Phú,5029.0,107.0,Đông Nam,3.0,2.0,Giấy tờ khác
1767,Quận Tân Phú,2500.0,53.0,Tây Bắc,2.0,1.0,Không
1768,Quận 8,2140.0,52.0,Không,2.0,1.0,Đang chờ sổ
1769,Quận Tân Phú,3590.0,91.0,Tây Bắc,3.0,2.0,Giấy tờ khác
1770,Quận 9,1622.38,69.4,Đông Bắc,3.0,2.0,Giấy tờ khác
1771,Quận Gò Vấp,1900.0,65.0,Không,2.0,2.0,Đã có sổ
1772,Quận Tân Phú,3300.0,63.0,Nam,2.0,1.0,Không
1773,Quận Gò Vấp,3850.0,75.0,Nam,2.0,2.0,Không
1774,Quận 9,2650.0,69.73,Không,2.0,2.0,Không
1775,Quận Bình Tân,2230.0,56.0,Không,2.0,1.0,Đang chờ sổ
1776,Quận Thủ Đức,2600.0,69.0,Không,2.0,2.0,Không
1777,Quận Phú Nhuận,6200.0,103.0,Đông Bắc,2.0,2.0,Đã có sổ
1778,Huyện Nhà Bè,2130.0,100.0,Không,2.0,2.0,Đã có sổ
1779,Quận Tân Bình,4000.0,69.0,Không,2.0,2.0,Đang chờ sổ
1780,Quận Thủ Đức,1780.0,59.0,Đông Nam,2.0,2.0,Đã có sổ
1781,Quận Tân Phú,2800.0,69.0,Tây Bắc,2.0,2.0,Đã có sổ
1782,Quận Thủ Đức,2100.0,72.0,Không,2.0,2.0,Không
1783,Quận Tân Phú,4430.0,92.5,Tây Bắc,2.0,2.0,Giấy tờ khác
1784,Quận Thủ Đức,1700.0,74.0,Không,2.0,2.0,Đang chờ sổ
1785,Quận 6,1750.0,51.0,Không,2.0,1.0,Đang chờ sổ
1786,Quận 2,3200.0,64.0,Không,2.0,2.0,Đã có sổ
1787,Quận Bình Thạnh,2900.0,72.0,Đông Nam,2.0,2.0,Đang chờ sổ
1788,Quận 8,2500.0,68.0,Không,2.0,2.0,Đã có sổ
1789,Quận 10,7300.0,108.0,Không,3.0,2.0,Không
1790,Quận 3,1850.0,52.0,Không,1.0,1.0,Không
1791,Quận Bình Tân,2160.0,56.0,Không,2.0,1.0,Không
1792,Quận 8,2100.0,73.0,Không,2.0,2.0,Không
1793,Huyện Bình Chánh,1600.0,46.0,Đông Nam,1.0,1.0,Đang chờ sổ
1794,Quận 4,3450.0,50.0,Không,1.0,1.0,Đã có sổ
1795,Quận 8,1500.0,62.0,Bắc,2.0,2.0,Đang chờ sổ
1796,Quận 2,5000.0,52.7,Không,1.0,1.0,Đang chờ sổ
1797,Quận 8,3000.0,68.0,Không,2.0,2.0,Đang chờ sổ
1798,Quận 2,4600.0,107.0,Không,3.0,2.0,Đang chờ sổ
1799,Quận 2,4100.0,48.8,Không,1.0,1.0,Đang chờ sổ
1800,Quận Tân Phú,2450.0,66.0,Không,2.0,1.0,Không
1801,Quận 7,2250.0,53.0,Không,1.0,1.0,Không
1802,Quận 7,3880.0,103.0,Bắc,2.0,2.0,Đã có sổ
1803,Quận Thủ Đức,2420.0,80.0,Nam,2.0,2.0,Không
1804,Quận Bình Tân,850.0,40.0,Không,2.0,1.0,Đã có sổ
1805,Quận Tân Bình,3150.0,57.0,Không,2.0,1.0,Không
1806,Quận Tân Bình,3450.0,90.0,Không,3.0,2.0,Đã có sổ
1807,Quận 8,2200.0,74.0,Không,2.0,2.0,Đang chờ sổ
1808,Quận 9,1400.0,59.0,Không,2.0,1.0,Đang chờ sổ
1809,Quận 2,5200.0,89.94,Không,3.0,2.0,Đang chờ sổ
1810,Quận 9,2600.0,69.0,Đông Nam,2.0,2.0,Đang chờ sổ
1811,Quận 7,1900.0,53.0,Không,1.0,1.0,Đang chờ sổ
1812,Quận 12,2050.0,47.0,Không,1.0,1.0,Giấy tờ khác
1813,Quận Tân Phú,2720.0,63.0,Tây Bắc,2.0,2.0,Đã có sổ
1814,Quận 9,2100.0,69.0,Không,2.0,2.0,Không
1815,Quận 8,1590.0,74.0,Đông Nam,2.0,1.0,Đã có sổ
1816,Quận Thủ Đức,2650.0,67.0,Không,2.0,2.0,Không
1817,Quận 7,2200.0,70.0,Không,2.0,2.0,Đang chờ sổ
1818,Quận 2,2100.0,68.0,Không,2.0,2.0,Đang chờ sổ
1819,Quận Phú Nhuận,2450.0,52.0,Không,2.0,1.0,Đã có sổ
1820,Quận 9,2000.0,73.0,Không,2.0,2.0,Không
1821,Huyện Nhà Bè,1450.0,60.0,Không,2.0,2.0,Đang chờ sổ
1822,Quận Thủ Đức,520.0,57.0,Không,2.0,1.0,Không
1823,Quận 10,3800.0,50.0,Không,1.0,1.0,Đang chờ sổ
1824,Quận 9,2350.0,65.0,Nam,2.0,2.0,Đang chờ sổ
1825,Quận 7,4050.0,150.0,Bắc,3.0,2.0,Đang chờ sổ
1826,Quận Bình Tân,1660.0,63.0,Đông Nam,2.0,2.0,Không
1827,Quận 7,2689.0,69.0,Tây Nam,2.0,2.0,Đang chờ sổ
1828,Quận 9,1750.0,56.0,Đông Nam,2.0,1.0,Không
1829,Quận 8,2150.0,99.0,Không,2.0,2.0,Đã có sổ
1830,Quận Thủ Đức,2350.0,85.0,Không,2.0,2.0,Đã có sổ
1831,Quận 7,1500.0,73.0,Không,2.0,2.0,Đã có sổ
1832,Quận 7,1550.0,73.0,Không,2.0,2.0,Đang chờ sổ
1833,Quận Tân Phú,2900.0,65.2,Không,2.0,2.0,Đang chờ sổ
1834,Quận 7,1720.0,85.0,Không,2.0,3.0,Đang chờ sổ
1835,Quận Bình Tân,2800.0,75.0,Đông Nam,2.0,2.0,Giấy tờ khác
